اسم السوبر ماركت,فترة سريان العرض,الفرع / الموقع,تاريخ تعديل ملف الفلاير,الفئة,اسم العلامة التجارية,اسم المنتج (الأساسي),الاسم بالعربية,العبارة الترويجية,الوحدة,السعر الأصلي,السعر الحالي,الخصم %,العملة,قيود العرض,اسم ملف الفلاير,اسم المجلد الفرعي,السعر المحسوب,الاحداثيات,الموثوقية,name,arabic_name,brand_name,unit,original_price,discounted_price,discount_percentage,price_currency,source_file,supermarket_name,offer_validity_period,calculated_discounted_price,solution_key,end_date,status,standard_supermarket_name,تاريخ الاستخراج,مبلغ التوفير,predicted_category,confidence,source,تاريخ انتهاء العرض,X,Y,العرض,الارتفاع,الصفحة,Product UID,File ID,موثوقية الموقع (Bounding Box),Overall Confidence,Price Confidence,Discount Confidence,__source_file__,Match Score (Bounding Box),يحتاج مراجعة,سبب المراجعة,نوع الكوبون,كود الكوبون,قيمة الكوبون,موثوقية الاسم العربي,موثوقية الاسم الإنجليزي,موثوقية العلامة التجارية,موثوقية الفئة,موثوقية الوحدة,موثوقية السعر الأصلي,موثوقية السعر الحالي,موثوقية نسبة الخصم,_ref,product_name,brand,current_price,weight,price,image,الفئة القديمة,iktissab_price,الفئة_الكبرى_v5,الفئة_الوسطى_v5,الصنف_النظيف_v5,درجة_الثقة_v5,طبقة_v5,مصدر_البحث_v5,يحتاج_مراجعة_v5,تعارض_فئة_OCR_v5,Unnamed: 46,Unnamed: 47,offer_details,quantity,unit_quantity,offer
Safari,ينتهي في الثلاثاء، ٤ أغسطس ٢٠٢٦,,2026-08-02 14:46:45,Foods - fruits and vegetables,,Watermelon,بطيخ,SHOPPING BONANZA,1kg,,2.5,0,AED,3 DAYS ONLY JULY 30TH TO AUG 01ST,page_2.jpg,flyer_20836,,,85,,,,,,,,,classified_products_v2_final.xlsx,,,,20836,٤ أغسطس ٢٠٢٦,ينتهي في الثلاثاء، ٤ أغسطس ٢٠٢٦,Safari,2026-08-02 17:23:19,,,,,2024-08-02,0.1161318181818182,0.269736,0.0367218181818181,0.0100426666666666,1.0,d506ea9c35e521d4,33306d0b-8dae-40f8-b438-08e87882f923,57.0,85,52.0,,aggregated_bulk_flyer_data_unified_02_08.xlsx,100.0,False,,,,,57.0,72.0,,,78.0,,52.0,,,,,,,,,لحوم ودواجن,,أطعمة -فواكه وخضروات,فواكه,بطيخ,0.85,FUZZY,AR,True,الفئة الناتجة (أطعمة -فواكه وخضروات) تخالف خانة الفئة المدخلة (لحوم ودواجن) التي توحي بـ «أطعمة -فراخ وطيور»,,,,,,
Safari,ينتهي في الثلاثاء، ٤ أغسطس ٢٠٢٦,UAE,2026-08-02 14:46:46,,,Pumpkin,احمر اليقطين,THE LARGEST HYPERMARKET IN UAE,1kg,2.75,2.75,0,AED,,page_3.jpg,flyer_20836,,,86,,,,,,,,,classified_products_v2_final.xlsx,,,,20836,٤ أغسطس ٢٠٢٦,ينتهي في الثلاثاء، ٤ أغسطس ٢٠٢٦,Safari Hypermarket,2026-08-02 17:31:40,,,,,2024-08-02,0.141,0.257,0.079,0.013,1.0,3848d24c056bdfa1,fe417a10-f756-45f4-91ab-e6595d4a237a,59.0,86,80.0,,aggregated_bulk_flyer_data_unified_02_08.xlsx,100.0,False,,,,,59.0,70.0,,,81.0,57.0,80.0,,,,,,,,,,,,,,0.15,OCR_ONLY,OCR+EN,True,,,,,,,
Safari,ينتهي في الثلاثاء، ٤ أغسطس ٢٠٢٦,UAE,2026-08-02 14:46:46,Foods - fruits and vegetables,,Cabbage,كرنب,THE LARGEST HYPERMARKET IN UAE,1kg,2.75,2.75,0,AED,2 DAYS ONLY JULY 30TH & 31ST,page_3.jpg,flyer_20836,,,86,,,,,,,,,classified_products_v2_final.xlsx,,,,20836,٤ أغسطس ٢٠٢٦,ينتهي في الثلاثاء، ٤ أغسطس ٢٠٢٦,Safari Hypermarket,2026-08-02 17:31:40,,,,,2024-08-02,0.12,0.485,0.038,0.013,1.0,52d61c18cd55b7e2,fe417a10-f756-45f4-91ab-e6595d4a237a,66.0,86,99.0,,aggregated_bulk_flyer_data_unified_02_08.xlsx,100.0,False,,,,,66.0,76.0,,,94.0,96.0,99.0,,,,,,,,,,,أطعمة -فواكه وخضروات,خضروات,كرنب,0.85,FUZZY,AR,True,الفئة الناتجة (أطعمة -فواكه وخضروات) تخالف خانة الفئة المدخلة (nan) التي توحي بـ «nan»,,,,,,
Safari,ينتهي في الثلاثاء، ٤ أغسطس ٢٠٢٦,UAE,2026-08-02 14:46:46,Foods - fruits and vegetables,,Potato Egypt,بطاطس مصر,THE LARGEST HYPERMARKET IN UAE,1kg,3.55,3.55,0,AED,,page_3.jpg,flyer_20836,,,86,,,,,,,,,classified_products_v2_final.xlsx,,,,20836,٤ أغسطس ٢٠٢٦,ينتهي في الثلاثاء، ٤ أغسطس ٢٠٢٦,Safari Hypermarket,2026-08-02 17:31:40,,,,,2024-08-02,0.458,0.257,0.078,0.013,1.0,2d05f0bd29cd08fb,fe417a10-f756-45f4-91ab-e6595d4a237a,70.0,86,97.0,,aggregated_bulk_flyer_data_unified_02_08.xlsx,100.0,False,,,,,70.0,80.0,,,91.0,59.0,97.0,,,,,,,,,لحوم ودواجن,,أطعمة -فواكه وخضروات,خضروات,بطاطس,0.9,CATALOG_OVERRIDE,AR,True,الفئة الناتجة (أطعمة -فواكه وخضروات) تخالف خانة الفئة المدخلة (لحوم ودواجن) التي توحي بـ «أطعمة -فراخ وطيور»,,,,,,
Safari,ينتهي في الثلاثاء، ٤ أغسطس ٢٠٢٦,UAE,2026-08-02 14:46:46,,,Garlic Small (Approx 350 Grm),نوم صغير,THE LARGEST HYPERMARKET IN UAE,1Pkt,3.55,3.55,0,AED,,page_3.jpg,flyer_20836,,,86,,,,,,,,,classified_products_v2_final.xlsx,,,,20836,٤ أغسطس ٢٠٢٦,ينتهي في الثلاثاء، ٤ أغسطس ٢٠٢٦,Safari Hypermarket,2026-08-02 17:31:40,,,,,2024-08-02,0.857,0.257,0.078,0.013,1.0,92092b83aab0cf23,fe417a10-f756-45f4-91ab-e6595d4a237a,72.0,86,100.0,,aggregated_bulk_flyer_data_unified_02_08.xlsx,100.0,False,,,,,72.0,78.0,,,91.0,85.0,100.0,,,,,,,,,,,,,,0.15,OCR_ONLY,OCR+EN,True,,,,,,,
Safari,ينتهي في الثلاثاء، ٤ أغسطس ٢٠٢٦,,2026-08-02 14:46:53,,Eastern,Eastern 5Min Chemba Puttu Mix 200Gm,Eastern 5Min Chemba Puttu Mix 200Gm,Puttu Fest,200Gm,6.0,3.75,37,AED,,page_7.jpg,flyer_20836,,,79,,,,,,,,,classified_products_v2_final.xlsx,,,,20836,٤ أغسطس ٢٠٢٦,ينتهي في الثلاثاء، ٤ أغسطس ٢٠٢٦,Safari,2026-08-02 17:34:54,,,,,,0.0628654545454545,0.3985786666666667,0.1950981818181818,0.0101653333333332,1.0,c7e5ca64599100c8,7b1e9d2e-9d8d-4f15-926d-6eb3fd60cda1,62.0,79,66.0,,aggregated_bulk_flyer_data_unified_02_08.xlsx,100.0,False,,,,,,62.0,55.0,,80.0,,66.0,,,,,,,,,,,,,,0.15,OCR_ONLY,OCR+EN,True,,,,,,,
Safari,ينتهي في الثلاثاء، ٤ أغسطس ٢٠٢٦,,2026-08-02 14:47:10,Foods - Spices,Nellara,Nellara Masala Asstd. 100Gm - 1Pkt,بهارات نيلارا,SHOPPING BONANZA,100Gm - 1Pkt,,3.75,0,AED,,page_14.jpg,flyer_20836,,,87,,,,,,,,,classified_products_v2_final.xlsx,,,,20836,٤ أغسطس ٢٠٢٦,ينتهي في الثلاثاء، ٤ أغسطس ٢٠٢٦,Safari,2026-08-02 17:21:08,,,,,,0.26287,0.673984,0.0669299999999999,0.0124439999999999,1.0,63c15a0636d19f3f,254fd345-d06c-4646-8ffa-bb4bb46b2b95,81.0,87,98.0,,aggregated_bulk_flyer_data_unified_02_08.xlsx,100.0,False,,,,,81.0,90.0,91.0,,94.0,,98.0,,,,,,,,,توابل وبهارات,,أطعمة -توابل,خلطات بهارات,بهارات لحمة,0.722,FUZZY,AR,False,,,,,,,
Safari,ينتهي في الثلاثاء، ٤ أغسطس ٢٠٢٦,,2026-08-02 14:46:47,Foods - pickles,,Egyptian Bolevi Pickles,مخلل البوليفي المصري,SHOPPING BONANZA,500 GM,,3.75,0,AED,,page_4.jpg,flyer_20836,,,80,,,,,,,,,classified_products_v2_final.xlsx,,,,20836,٤ أغسطس ٢٠٢٦,ينتهي في الثلاثاء، ٤ أغسطس ٢٠٢٦,Safari,2026-08-02 17:33:28,,,,,2024-08-02,0.024,0.6632,0.128,0.0096,1.0,94b6d0393a255686,effe070d-90c5-4f9d-a9ea-cd102682343d,70.0,80,76.0,,aggregated_bulk_flyer_data_unified_02_08.xlsx,100.0,False,,,,,70.0,77.0,,,89.0,,76.0,,,,,,,,,Deli,,أطعمة -مخللات,مخللات خضار,مخلل مشكل,0.524,FUZZY,AR,True,الفئة الناتجة (أطعمة -مخللات) تخالف خانة الفئة المدخلة (Deli) التي توحي بـ «أطعمة -لحوم مصنعة وأجبان»,,,,,,
Safari,ينتهي في الثلاثاء، ٤ أغسطس ٢٠٢٦,UAE,2026-08-02 14:46:59,Food - drinks,Aquafina,Aquafina Water Pet 500Mlx12pcs / 1.5Ltrx6pcs - 1set,مياه اكوافينا,THE LARGEST HYPERMARKET IN UAE,500Mlx12pcs / 1.5Ltrx6pcs - 1set,,3.75,0,AED,,page_9.jpg,flyer_20836,,,83,,,,,,,,,classified_products_v2_final.xlsx,,,,20836,٤ أغسطس ٢٠٢٦,ينتهي في الثلاثاء، ٤ أغسطس ٢٠٢٦,Safari,2026-08-02 17:40:04,,,,,,0.765,0.908,0.0719999999999999,0.0140000000000001,1.0,ef4597f225e89195,bf5646bd-8e99-4afb-9dab-82c079882617,94.0,83,94.0,,aggregated_bulk_flyer_data_unified_02_08.xlsx,100.0,False,,,,,94.0,88.0,84.0,,99.0,,94.0,,,,,,,,,,,أطعمة -مشروبات,مياه,مياه معدنية,1.0,RULE,AR,False,,,,,,,
Safari,ينتهي في الثلاثاء، ٤ أغسطس ٢٠٢٦,"SAFARI MALL, MUWEILAH, SHARJAH - UAE",2026-08-02 14:46:44,Foods - fruits and vegetables,,TOMATO 1KG,طماطم,SHOPPING BONANZA,1KG,5.15,4.0,22,AED,3 DAYS ONLY JUL 30™ TO AUG. 01ST PER CUSTOMER,page_1.jpg,flyer_20836,,,77,,,,,,,,,classified_products_v2_final.xlsx,,,,20836,٤ أغسطس ٢٠٢٦,ينتهي في الثلاثاء، ٤ أغسطس ٢٠٢٦,Safari World Class Shopping Experience,2026-08-02 17:15:02,1.15,,,,2026-08-05,0.071,0.865,0.0469999999999999,0.0130000000000001,1.0,91350d436ad52de4,0bdee1b4-a4d4-4de1-95dd-084892926710,62.0,77,73.0,97.0,aggregated_bulk_flyer_data_unified_02_08.xlsx,100.0,False,,,,,62.0,83.0,,50.0,88.0,73.0,,,,,,,,,,Vegetables,,أطعمة -فواكه وخضروات,خضروات,طماطم,1.0,RULE,AR,False,,,,,,,
Safari,ينتهي في الثلاثاء، ٤ أغسطس ٢٠٢٦,UAE,2026-08-02 14:46:46,Foods - Spices,,Capsicum Green,الفلفل الاخضر,THE LARGEST HYPERMARKET IN UAE,1kg,4.55,4.55,0,AED,,page_3.jpg,flyer_20836,,,86,,,,,,,,,classified_products_v2_final.xlsx,,,,20836,٤ أغسطس ٢٠٢٦,ينتهي في الثلاثاء، ٤ أغسطس ٢٠٢٦,Safari Hypermarket,2026-08-02 17:31:40,,,,,2024-08-02,0.16,0.7,0.0769999999999999,0.013,1.0,f86b76b0ae86ef88,fe417a10-f756-45f4-91ab-e6595d4a237a,67.0,86,100.0,,aggregated_bulk_flyer_data_unified_02_08.xlsx,100.0,False,,,,,67.0,92.0,,,97.0,80.0,100.0,,,,,,,,,توابل وبهارات,,أطعمة -توابل,بهارات وتوابل,توابل,0.85,FUZZY,OCR_STRONG,False,,,,,,,
Safari,ينتهي في الثلاثاء، ٤ أغسطس ٢٠٢٦,UAE,2026-08-02 14:46:46,Foods - fruits and vegetables,,Beetroot,شمندر عمان,THE LARGEST HYPERMARKET IN UAE,1kg,4.55,4.55,0,AED,,page_3.jpg,flyer_20836,,,86,,,,,,,,,classified_products_v2_final.xlsx,,,,20836,٤ أغسطس ٢٠٢٦,ينتهي في الثلاثاء، ٤ أغسطس ٢٠٢٦,Safari Hypermarket,2026-08-02 17:31:40,,,,,2024-08-02,0.755,0.485,0.0659999999999999,0.013,1.0,68e2126388faf485,fe417a10-f756-45f4-91ab-e6595d4a237a,76.0,86,100.0,,aggregated_bulk_flyer_data_unified_02_08.xlsx,100.0,False,,,,,76.0,93.0,,,96.0,99.0,100.0,,,,,,,,,,,أطعمة -فواكه وخضروات,خضروات,بنجر,0.485,FUZZY,EN,True,الفئة الناتجة (أطعمة -فواكه وخضروات) تخالف خانة الفئة المدخلة (nan) التي توحي بـ «nan»,,,,,,
Safari,ينتهي في الثلاثاء، ٤ أغسطس ٢٠٢٦,UAE,2026-08-02 14:46:46,Foods - fruits and vegetables,,Ashgourd,قرع الرماد,THE LARGEST HYPERMARKET IN UAE,1kg,4.55,4.55,0,AED,,page_3.jpg,flyer_20836,,,86,,,,,,,,,classified_products_v2_final.xlsx,,,,20836,٤ أغسطس ٢٠٢٦,ينتهي في الثلاثاء، ٤ أغسطس ٢٠٢٦,Safari Hypermarket,2026-08-02 17:31:40,,,,,2024-08-02,0.465,0.485,0.047,0.013,1.0,399de386807b68c5,fe417a10-f756-45f4-91ab-e6595d4a237a,72.0,86,100.0,,aggregated_bulk_flyer_data_unified_02_08.xlsx,100.0,False,,,,,72.0,91.0,,,97.0,85.0,100.0,,,,,,,,,,,أطعمة -فواكه وخضروات,فواكه,قرع,0.85,FUZZY,AR,True,الفئة الناتجة (أطعمة -فواكه وخضروات) تخالف خانة الفئة المدخلة (nan) التي توحي بـ «nan»,,,,,,
Safari,ينتهي في الثلاثاء، ٤ أغسطس ٢٠٢٦,,2026-08-02 14:46:55,Frozen foods,Le Cheff,Le Cheff Frozen Tapioca 700gm,تابيوكا مجمده,SHOPPING BONANZA,700gm,,4.75,0,AED,,page_8.jpg,flyer_20836,,,83,,,,,,,,,classified_products_v2_final.xlsx,,,,20836,٤ أغسطس ٢٠٢٦,ينتهي في الثلاثاء، ٤ أغسطس ٢٠٢٦,SAFARI,2026-08-02 17:39:34,,,,,,0.502,0.902,0.0759999999999999,0.0100000000000001,1.0,3cbc2ac64f592410,a0a77af9-c09f-4779-b587-cc97249aa514,88.0,83,100.0,,aggregated_bulk_flyer_data_unified_02_08.xlsx,100.0,False,,,,,88.0,97.0,80.0,,99.0,,100.0,,,,,,,,,مجمدات,,أطعمة مجمدة,دجاج مجمد,دجاج مجمد,0.645,FUZZY,EN+OCR,True,,,,,,,
Safari,ينتهي في الثلاثاء، ٤ أغسطس ٢٠٢٦,UAE,2026-08-02 14:46:46,Foods - fruits and vegetables,,Bottle Gourd,قرع الزجاجه,THE LARGEST HYPERMARKET IN UAE,1kg,,4.75,0,AED,,page_3.jpg,flyer_20836,,,86,,,,,,,,,classified_products_v2_final.xlsx,,,,20836,٤ أغسطس ٢٠٢٦,ينتهي في الثلاثاء، ٤ أغسطس ٢٠٢٦,Safari Hypermarket,2026-08-02 17:31:40,,,,,2024-08-02,0.465,0.7,0.066,0.013,1.0,83ffe68ee2da5f71,fe417a10-f756-45f4-91ab-e6595d4a237a,83.0,86,92.0,,aggregated_bulk_flyer_data_unified_02_08.xlsx,100.0,False,,,,,83.0,96.0,,,98.0,97.0,92.0,,,,,,,,,,,أطعمة -فواكه وخضروات,فواكه,قرع,0.85,FUZZY,AR,True,الفئة الناتجة (أطعمة -فواكه وخضروات) تخالف خانة الفئة المدخلة (nan) التي توحي بـ «nan»,,,,,,
Safari,ينتهي في الثلاثاء، ٤ أغسطس ٢٠٢٦,UAE,2026-08-02 14:46:46,,,Colocasia China,كولكاسيا الصين,THE LARGEST HYPERMARKET IN UAE,1kg,,4.75,0,AED,,page_3.jpg,flyer_20836,,,86,,,,,,,,,classified_products_v2_final.xlsx,,,,20836,٤ أغسطس ٢٠٢٦,ينتهي في الثلاثاء، ٤ أغسطس ٢٠٢٦,Safari Hypermarket,2026-08-02 17:31:40,,,,,2024-08-02,0.795,0.699,0.09,0.014,1.0,0a546f85bd223ab5,fe417a10-f756-45f4-91ab-e6595d4a237a,69.0,86,100.0,,aggregated_bulk_flyer_data_unified_02_08.xlsx,100.0,False,,,,,69.0,97.0,,,98.0,99.0,100.0,,,,,,,,,,,,,,0.15,OCR_ONLY,OCR+EN,True,,,,,,,
Safari,ينتهي في الثلاثاء، ٤ أغسطس ٢٠٢٦,UAE,2026-08-02 14:46:59,Food - drinks,Star,Star Soda 300mlx6pcs,مشروب غازي ستار,THE LARGEST HYPERMARKET IN UAE,300mlx6pcs,,4.75,0,AED,,page_9.jpg,flyer_20836,,,83,,,,,,,,,classified_products_v2_final.xlsx,,,,20836,٤ أغسطس ٢٠٢٦,ينتهي في الثلاثاء، ٤ أغسطس ٢٠٢٦,Safari,2026-08-02 17:40:04,,,,,,0.287,0.705,0.088,0.014,1.0,f3681164d07f4469,bf5646bd-8e99-4afb-9dab-82c079882617,90.0,83,96.0,,aggregated_bulk_flyer_data_unified_02_08.xlsx,100.0,False,,,,,90.0,90.0,70.0,,100.0,,96.0,,,,,,,,,مشروبات,,أطعمة -مشروبات,مشروبات غازية,مشروب شعير,0.731,RULE_FUZZY,AR,False,,,,,,,
Safari,ينتهي في الثلاثاء، ٤ أغسطس ٢٠٢٦,UAE,2026-08-02 14:46:59,Foods - dairy products,Unikai,Unikai Yogurt 1kg,زبادي يونيكاي,THE LARGEST HYPERMARKET IN UAE,1kg,,5.0,0,AED,,page_9.jpg,flyer_20836,,,83,,,,,,,,,classified_products_v2_final.xlsx,,,,20836,٤ أغسطس ٢٠٢٦,ينتهي في الثلاثاء، ٤ أغسطس ٢٠٢٦,Safari,2026-08-02 17:40:04,,,,,,0.567,0.488,0.078,0.014,1.0,14c1f32ad72ef626,bf5646bd-8e99-4afb-9dab-82c079882617,74.0,83,,,aggregated_bulk_flyer_data_unified_02_08.xlsx,100.0,False,,,,,74.0,89.0,72.0,,100.0,,,,,,,,,,,ألبان وأجبان,,أطعمة -الألبان ومنتجاتها,زبادي ومشتقات,زبادي,1.0,RULE,AR,False,,,,,,,
Safari,ينتهي في الثلاثاء، ٤ أغسطس ٢٠٢٦,SHARJAH - UAE,2026-08-02 14:47:32,Clothes and shoes,,Mens / Ladies Flip Slipper Asstd,شباشب رجاليه ونساييه,Footwear Offers,,,5.0,0,AED,,page_30.jpg,flyer_20836,,,83,,,,,,,,,classified_products_v2_final.xlsx,,,,20836,٤ أغسطس ٢٠٢٦,ينتهي في الثلاثاء، ٤ أغسطس ٢٠٢٦,SAFARI,2026-08-02 17:29:05,,,,,,0.037,0.452,0.16,0.019,1.0,d367394f2e71e42a,e946d76c-1434-4c83-8f0b-c01e29340df2,65.0,83,78.0,,aggregated_bulk_flyer_data_unified_02_08.xlsx,100.0,False,,,,,65.0,72.0,,,,,78.0,,,,,,,,,Footwear,,ملابس وأحذية,,,0.15,OCR_ONLY,OCR+EN,True,,,,,,,
Safari,ينتهي في الثلاثاء، ٤ أغسطس ٢٠٢٦,SHARJAH - UAE,2026-08-02 14:47:32,Clothes and shoes,,Kids Slipper Asstd,شبشب للاطفال,Footwear Offers,,,5.0,0,AED,,page_30.jpg,flyer_20836,,,83,,,,,,,,,classified_products_v2_final.xlsx,,,,20836,٤ أغسطس ٢٠٢٦,ينتهي في الثلاثاء، ٤ أغسطس ٢٠٢٦,SAFARI,2026-08-02 17:29:05,,,,,,0.037,0.947,0.1,0.0190000000000001,1.0,1b36ebc27f77e7eb,e946d76c-1434-4c83-8f0b-c01e29340df2,84.0,83,94.0,,aggregated_bulk_flyer_data_unified_02_08.xlsx,100.0,False,,,,,84.0,94.0,,,,,94.0,,,,,,,,,Footwear,,ملابس وأحذية,أحذية,شبشب,0.85,FUZZY,AR,False,,,,,,,
Safari,ينتهي في الثلاثاء، ٤ أغسطس ٢٠٢٦,,2026-08-02 14:46:49,,,Wheat Puttu,ഗോതമ്പ് പുട്ട്,Puttu Fest,1Pc,7.5,5.0,33,AED,,page_5.jpg,flyer_20836,,,65,,,,,,,,,classified_products_v2_final.xlsx,,,,20836,٤ أغسطس ٢٠٢٦,ينتهي في الثلاثاء، ٤ أغسطس ٢٠٢٦,Safari Bakery,2026-08-02 17:34:08,2.5,,,,,,,,,,2a036fd55de2b8c3,69fd06c9-e344-4f1b-b542-a88db3945c57,,65,,,aggregated_bulk_flyer_data_unified_02_08.xlsx,,True,overall_confidence<70,,,,,,,,,,,,,,,,,,,Puttu,,,,,0.0,NONE,OCR+EN,True,,,,,,,
Safari,ينتهي في الثلاثاء، ٤ أغسطس ٢٠٢٦,,2026-08-02 14:46:49,,,Jaggery Puttu,ജാഗറി പുട്ട്,Puttu Fest,1Pc,7.5,5.0,33,AED,,page_5.jpg,flyer_20836,,,65,,,,,,,,,classified_products_v2_final.xlsx,,,,20836,٤ أغسطس ٢٠٢٦,ينتهي في الثلاثاء، ٤ أغسطس ٢٠٢٦,Safari Bakery,2026-08-02 17:34:08,2.5,,,,,0.7152727272727273,0.2219706666666667,0.0745454545454545,0.0113793333333333,1.0,98f7544ae27aa080,69fd06c9-e344-4f1b-b542-a88db3945c57,54.0,65,,,aggregated_bulk_flyer_data_unified_02_08.xlsx,100.0,True,overall_confidence<70,,,,54.0,61.0,,77.0,79.0,,,,,,,,,,,Puttu,,,,,0.0,NONE,OCR+EN,True,,,,,,,
Safari,ينتهي في الثلاثاء، ٤ أغسطس ٢٠٢٦,,2026-08-02 14:46:53,,Double Horse,Double Horse White Puttu Podi 1Kg,Double Horse White Puttu Podi 1Kg,Puttu Fest,1Kg,8.0,5.25,34,AED,,page_7.jpg,flyer_20836,,,79,,,,,,,,,classified_products_v2_final.xlsx,,,,20836,٤ أغسطس ٢٠٢٦,ينتهي في الثلاثاء، ٤ أغسطس ٢٠٢٦,Safari,2026-08-02 17:34:54,,,,,,0.2311854545454546,0.67749,0.0975490909090908,0.0273193333333332,1.0,fcc6f1d4c076229e,7b1e9d2e-9d8d-4f15-926d-6eb3fd60cda1,72.0,79,85.0,,aggregated_bulk_flyer_data_unified_02_08.xlsx,100.0,False,,,,,,72.0,59.0,,76.0,,85.0,,,,,,,,,,,,,,0.15,OCR_ONLY,OCR+EN,True,,,,,,,
Safari,ينتهي في الثلاثاء، ٤ أغسطس ٢٠٢٦,,2026-08-02 14:46:53,Bakery supplies,Tasty Food,Tasty Food Wheat/ White Puttu Roasted Powder 1Kg - 1Pc,Tasty Food Wheat/ White Puttu Roasted Powder 1Kg - 1Pc,Puttu Fest,1Kg,7.75,5.5,29,AED,1Pc,page_7.jpg,flyer_20836,,,79,,,,,,,,,classified_products_v2_final.xlsx,,,,20836,٤ أغسطس ٢٠٢٦,ينتهي في الثلاثاء، ٤ أغسطس ٢٠٢٦,Safari,2026-08-02 17:34:54,,,,,,0.3689018181818182,0.77279,0.14728,0.0190600000000001,1.0,48a71f3d0591e42f,7b1e9d2e-9d8d-4f15-926d-6eb3fd60cda1,68.0,79,99.0,,aggregated_bulk_flyer_data_unified_02_08.xlsx,100.0,False,,,,,,68.0,70.0,,81.0,88.0,99.0,,,,,,,,,,,مستلزمات المخبوزات,دقيق,دقيق,0.464,FUZZY,EN,True,الفئة الناتجة (مستلزمات المخبوزات) تخالف خانة الفئة المدخلة (nan) التي توحي بـ «nan»,,,,,,
Safari,ينتهي في الثلاثاء، ٤ أغسطس ٢٠٢٦,,2026-08-02 14:46:53,,Eastern,Eastern Chemba / White Puttu Podi 1 Kg - 1Pc,Eastern Chemba / White Puttu Podi 1 Kg - 1Pc,Puttu Fest,1 Kg,7.75,5.5,29,AED,1Pc,page_7.jpg,flyer_20836,,,79,,,,,,,,,classified_products_v2_final.xlsx,,,,20836,٤ أغسطس ٢٠٢٦,ينتهي في الثلاثاء، ٤ أغسطس ٢٠٢٦,Safari,2026-08-02 17:34:54,,,,,,0.3966363636363636,0.5313633333333334,0.2295272727272727,0.0108006666666666,1.0,87d397e5a658bc01,7b1e9d2e-9d8d-4f15-926d-6eb3fd60cda1,68.0,79,87.0,,aggregated_bulk_flyer_data_unified_02_08.xlsx,100.0,False,,,,,,68.0,82.0,,78.0,70.0,87.0,,,,,,,,,,,,,,0.15,OCR_ONLY,OCR+EN,True,,,,,,,
Safari,ينتهي في الثلاثاء، ٤ أغسطس ٢٠٢٦,,2026-08-02 14:47:10,Wash (powder),Tasty Food,Tasty Food Pathiri Podi / Puttu Powder Roasted / Semolina (Rava) / Wheat Puttu Powder / Malabar Pathal Podi 1Kg - 1Pkt,مسحوق مشكله,SHOPPING BONANZA,1Kg - 1Pkt,,5.5,0,AED,,page_14.jpg,flyer_20836,,,87,,,,,,,,,classified_products_v2_final.xlsx,,,,20836,٤ أغسطس ٢٠٢٦,ينتهي في الثلاثاء، ٤ أغسطس ٢٠٢٦,Safari,2026-08-02 17:21:08,,,,,,0.02716,0.673984,0.0776,0.0124439999999999,1.0,2d55e93bb850a37a,254fd345-d06c-4646-8ffa-bb4bb46b2b95,68.0,87,91.0,,aggregated_bulk_flyer_data_unified_02_08.xlsx,100.0,False,,,,,68.0,82.0,93.0,,89.0,,91.0,,,,,,,,,,,غسيل (مسحوق ),سائل ومبيض,برسيل,1.0,RULE,AR,False,,,,,,,
Safari,ينتهي في الثلاثاء، ٤ أغسطس ٢٠٢٦,,2026-08-02 14:46:49,,,Oats Puttu,ഓട്സ് പുട്ട്,Puttu Fest,1Pc,7.5,5.5,26,AED,,page_5.jpg,flyer_20836,,,65,,,,,,,,,classified_products_v2_final.xlsx,,,,20836,٤ أغسطس ٢٠٢٦,ينتهي في الثلاثاء، ٤ أغسطس ٢٠٢٦,Safari Bakery,2026-08-02 17:34:08,2.0,,,,,,,,,,5c4ff28b7921770d,69fd06c9-e344-4f1b-b542-a88db3945c57,,65,,,aggregated_bulk_flyer_data_unified_02_08.xlsx,,True,overall_confidence<70,,,,,,,,,,,,,,,,,,,Puttu,,,,,0.0,NONE,OCR+EN,True,,,,,,,
Safari,ينتهي في الثلاثاء، ٤ أغسطس ٢٠٢٦,,2026-08-02 14:46:49,,,Corn Puttu,ചോളം പുട്ട്,Puttu Fest,1Pc,7.5,5.5,26,AED,,page_5.jpg,flyer_20836,,,65,,,,,,,,,classified_products_v2_final.xlsx,,,,20836,٤ أغسطس ٢٠٢٦,ينتهي في الثلاثاء، ٤ أغسطس ٢٠٢٦,Safari Bakery,2026-08-02 17:34:08,2.0,,,,,,,,,,df180316af2f235a,69fd06c9-e344-4f1b-b542-a88db3945c57,,65,,,aggregated_bulk_flyer_data_unified_02_08.xlsx,,True,overall_confidence<70,,,,,,,,,,,,,,,,,,,Puttu,,,,,0.0,NONE,OCR+EN,True,,,,,,,
Safari,ينتهي في الثلاثاء، ٤ أغسطس ٢٠٢٦,,2026-08-02 14:46:49,,,Millet Puttu,റാഗിപ്പുട്ട്,Puttu Fest,1Pc,7.5,5.5,26,AED,,page_5.jpg,flyer_20836,,,65,,,,,,,,,classified_products_v2_final.xlsx,,,,20836,٤ أغسطس ٢٠٢٦,ينتهي في الثلاثاء، ٤ أغسطس ٢٠٢٦,Safari Bakery,2026-08-02 17:34:08,2.0,,,,,,,,,,f84916d810599c6c,69fd06c9-e344-4f1b-b542-a88db3945c57,,65,,,aggregated_bulk_flyer_data_unified_02_08.xlsx,,True,overall_confidence<70,,,,,,,,,,,,,,,,,,,Puttu,,,,,0.0,NONE,OCR+EN,True,,,,,,,
Safari,ينتهي في الثلاثاء، ٤ أغسطس ٢٠٢٦,UAE,2026-08-02 14:46:46,Foods - fruits and vegetables,,Sweet Corn,الذره الحلوه,THE LARGEST HYPERMARKET IN UAE,1Pkt,5.75,5.75,0,AED,,page_3.jpg,flyer_20836,,,86,,,,,,,,,classified_products_v2_final.xlsx,,,,20836,٤ أغسطس ٢٠٢٦,ينتهي في الثلاثاء، ٤ أغسطس ٢٠٢٦,Safari Hypermarket,2026-08-02 17:31:40,,,,,2024-08-02,0.138,0.915,0.0659999999999999,0.013,1.0,6578b9997a218be7,fe417a10-f756-45f4-91ab-e6595d4a237a,75.0,86,100.0,,aggregated_bulk_flyer_data_unified_02_08.xlsx,100.0,False,,,,,75.0,86.0,,,96.0,91.0,100.0,,,,,,,,,,,أطعمة -فواكه وخضروات,خضروات,ذرة حلوة,0.897,FUZZY,AR,True,الفئة الناتجة (أطعمة -فواكه وخضروات) تخالف خانة الفئة المدخلة (nan) التي توحي بـ «nan»,,,,,,
Safari,ينتهي في الثلاثاء، ٤ أغسطس ٢٠٢٦,,2026-08-02 14:46:55,Frozen foods,Seara,Seara Garden Peas 400gmx2pcs,بازلاء خضراء,SHOPPING BONANZA,400gmx2pcs,,5.75,0,AED,,page_8.jpg,flyer_20836,,,83,,,,,,,,,classified_products_v2_final.xlsx,,,,20836,٤ أغسطس ٢٠٢٦,ينتهي في الثلاثاء، ٤ أغسطس ٢٠٢٦,SAFARI,2026-08-02 17:39:34,,,,,,0.265,0.907,0.07,0.01,1.0,16ca67f15aa3a600,a0a77af9-c09f-4779-b587-cc97249aa514,78.0,83,99.0,,aggregated_bulk_flyer_data_unified_02_08.xlsx,100.0,False,,,,,78.0,94.0,86.0,,95.0,,99.0,,,,,,,,,,,أطعمة مجمدة,خضار مجمد,بسلة مجمدة,1.0,RULE,AR,False,,,,,,,
Safari,ينتهي في الثلاثاء، ٤ أغسطس ٢٠٢٦,UAE,2026-08-02 14:46:46,Foods - Spices,,Ginger China,جينجر تشاينا,THE LARGEST HYPERMARKET IN UAE,1kg,5.75,5.75,0,AED,,page_3.jpg,flyer_20836,,,86,,,,,,,,,classified_products_v2_final.xlsx,,,,20836,٤ أغسطس ٢٠٢٦,ينتهي في الثلاثاء، ٤ أغسطس ٢٠٢٦,Safari Hypermarket,2026-08-02 17:31:40,,,,,2024-08-02,0.475,0.915,0.066,0.013,1.0,e45aa722b4ee3dac,fe417a10-f756-45f4-91ab-e6595d4a237a,79.0,86,96.0,,aggregated_bulk_flyer_data_unified_02_08.xlsx,100.0,False,,,,,79.0,98.0,,,99.0,100.0,96.0,,,,,,,,,,,أطعمة -توابل,بهارات مطحونة,زنجبيل,0.927,FUZZY,EN,True,الفئة الناتجة (أطعمة -توابل) تخالف خانة الفئة المدخلة (nan) التي توحي بـ «nan»,,,,,,
Safari,ينتهي في الثلاثاء، ٤ أغسطس ٢٠٢٦,,2026-08-02 14:46:45,Foods - fruits and vegetables,,Lemon Big S/A,ليمون كبير,SHOPPING BONANZA,1kg,,5.75,0,AED,3 DAYS ONLY JULY 30TH TO AUG 01ST,page_2.jpg,flyer_20836,,,85,,,,,,,,,classified_products_v2_final.xlsx,,,,20836,٤ أغسطس ٢٠٢٦,ينتهي في الثلاثاء، ٤ أغسطس ٢٠٢٦,Safari,2026-08-02 17:23:19,,,,,2024-08-02,0.4543590909090909,0.269736,0.0550827272727272,0.0100426666666666,1.0,48254a150d61efec,33306d0b-8dae-40f8-b438-08e87882f923,65.0,85,73.0,,aggregated_bulk_flyer_data_unified_02_08.xlsx,100.0,False,,,,,65.0,89.0,,,90.0,,73.0,,,,,,,,,,,أطعمة -فواكه وخضروات,فواكه,ليمون,0.85,FUZZY,AR,True,الفئة الناتجة (أطعمة -فواكه وخضروات) تخالف خانة الفئة المدخلة (nan) التي توحي بـ «nan»,,,,,,
Safari,ينتهي في الثلاثاء، ٤ أغسطس ٢٠٢٦,UAE,2026-08-02 14:46:59,Food - drinks,Campa Cola,Campa Cola / Orange / Lemon Can 240mlx6pcs,مشروب كامبا كولا,THE LARGEST HYPERMARKET IN UAE,240mlx6pcs,,5.75,0,AED,,page_9.jpg,flyer_20836,,,83,,,,,,,,,classified_products_v2_final.xlsx,,,,20836,٤ أغسطس ٢٠٢٦,ينتهي في الثلاثاء، ٤ أغسطس ٢٠٢٦,Safari,2026-08-02 17:40:04,,,,,,0.765,0.705,0.1,0.014,1.0,3e58cd1e4a01e475,bf5646bd-8e99-4afb-9dab-82c079882617,85.0,83,99.0,,aggregated_bulk_flyer_data_unified_02_08.xlsx,100.0,False,,,,,85.0,94.0,71.0,,97.0,,99.0,,,,,,,,,مشروبات غازية,,أطعمة -مشروبات,مشروبات غازية,كولا,0.95,FUZZY,AR,False,,,,,,,
Safari,ينتهي في الثلاثاء، ٤ أغسطس ٢٠٢٦,,2026-08-02 14:46:53,Food - drinks,Ajmi,Ajmi Steam Puttu Powder 1Kg,Ajmi Steam Puttu Powder 1Kg,Puttu Fest,1Kg,8.75,6.0,31,AED,,page_7.jpg,flyer_20836,,,79,,,,,,,,,classified_products_v2_final.xlsx,,,,20836,٤ أغسطس ٢٠٢٦,ينتهي في الثلاثاء، ٤ أغسطس ٢٠٢٦,Safari,2026-08-02 17:34:54,,,,,,0.855690909090909,0.67749,0.0889418181818183,0.0273193333333332,1.0,3badf3c1796b9a28,7b1e9d2e-9d8d-4f15-926d-6eb3fd60cda1,80.0,79,96.0,,aggregated_bulk_flyer_data_unified_02_08.xlsx,100.0,False,,,,,,80.0,64.0,,86.0,96.0,,,,,,,,,,,,أطعمة -مشروبات,شاي وأعشاب,عرقسوس,0.478,FUZZY,EN,True,الفئة الناتجة (أطعمة -مشروبات) تخالف خانة الفئة المدخلة (nan) التي توحي بـ «nan»,,,,,,
Safari,ينتهي في الثلاثاء، ٤ أغسطس ٢٠٢٦,,2026-08-02 14:46:53,Food - drinks,Nellara,Nellara Wheat Puttu Powder 1Kg,Nellara Wheat Puttu Powder 1Kg,Puttu Fest,1Kg,9.0,6.0,33,AED,,page_7.jpg,flyer_20836,,,79,,,,,,,,,classified_products_v2_final.xlsx,,,,20836,٤ أغسطس ٢٠٢٦,ينتهي في الثلاثاء، ٤ أغسطس ٢٠٢٦,Safari,2026-08-02 17:34:54,,,,,,0.1479818181818182,0.4805366666666667,0.0573818181818181,0.0381199999999999,1.0,3360e5b71bddfe0d,7b1e9d2e-9d8d-4f15-926d-6eb3fd60cda1,57.0,79,,,aggregated_bulk_flyer_data_unified_02_08.xlsx,100.0,False,,,,,,57.0,67.0,,65.0,,,,,,,,,,,,,أطعمة -مشروبات,شاي وأعشاب,عرقسوس,0.468,FUZZY,AR_FULL+PROMO+EN,True,الفئة الناتجة (أطعمة -مشروبات) تخالف خانة الفئة المدخلة (nan) التي توحي بـ «nan»,,,,,,
Safari,ينتهي في الثلاثاء، ٤ أغسطس ٢٠٢٦,,2026-08-02 14:46:45,Foods - fruits and vegetables,,Pineapple Philippines,اناناس فلبيني,SHOPPING BONANZA,1pc,,6.0,0,AED,3 DAYS ONLY JULY 30TH TO AUG 01ST,page_2.jpg,flyer_20836,,,85,,,,,,,,,classified_products_v2_final.xlsx,,,,20836,٤ أغسطس ٢٠٢٦,ينتهي في الثلاثاء، ٤ أغسطس ٢٠٢٦,Safari,2026-08-02 17:23:19,,,,,2024-08-02,0.7925863636363636,0.269736,0.0676454545454546,0.0100426666666666,1.0,2ca5ce40067543ae,33306d0b-8dae-40f8-b438-08e87882f923,70.0,85,,,aggregated_bulk_flyer_data_unified_02_08.xlsx,100.0,False,,,,,70.0,89.0,,,93.0,,,,,,,,,,,,,أطعمة -فواكه وخضروات,فواكه,أناناس,0.85,FUZZY,AR,True,الفئة الناتجة (أطعمة -فواكه وخضروات) تخالف خانة الفئة المدخلة (nan) التي توحي بـ «nan»,,,,,,
Safari,ينتهي في الثلاثاء، ٤ أغسطس ٢٠٢٦,,2026-08-02 14:46:45,Foods - nuts and crackers,,Tender Coconut Thumb Vietnam,ايهام جوز الهند,SHOPPING BONANZA,1pc,,6.0,0,AED,3 DAYS ONLY JULY 30TH TO AUG 01ST,page_2.jpg,flyer_20836,,,85,,,,,,,,,classified_products_v2_final.xlsx,,,,20836,٤ أغسطس ٢٠٢٦,ينتهي في الثلاثاء، ٤ أغسطس ٢٠٢٦,Safari,2026-08-02 17:23:19,,,,,2024-08-02,0.0320581818181818,0.476328,0.09567,0.0100426666666666,1.0,e9736cf18ddd096f,33306d0b-8dae-40f8-b438-08e87882f923,61.0,85,,,aggregated_bulk_flyer_data_unified_02_08.xlsx,100.0,False,,,,,61.0,83.0,,,96.0,,,,,,,,,,,,,أطعمة -مكسرات ومقرمشات,مكسرات,جوز هند,0.907,FUZZY,AR,True,الفئة الناتجة (أطعمة -مكسرات ومقرمشات) تخالف خانة الفئة المدخلة (nan) التي توحي بـ «nan»,,,,,,
Safari,ينتهي في الثلاثاء، ٤ أغسطس ٢٠٢٦,,2026-08-02 14:46:47,Foods - dairy products,,Saudi Feta Cheese,جبنه فيتا سعودي,SHOPPING BONANZA,500 GM,,6.0,0,AED,,page_4.jpg,flyer_20836,,,80,,,,,,,,,classified_products_v2_final.xlsx,,,,20836,٤ أغسطس ٢٠٢٦,ينتهي في الثلاثاء، ٤ أغسطس ٢٠٢٦,Safari,2026-08-02 17:33:28,,,,,2024-08-02,0.5,0.4750000000000001,0.095,0.0119999999999999,1.0,d89a63bdbafe405b,effe070d-90c5-4f9d-a9ea-cd102682343d,78.0,80,,,aggregated_bulk_flyer_data_unified_02_08.xlsx,100.0,False,,,,,78.0,94.0,,,97.0,,,,,,,,,,,Deli,,أطعمة -الألبان ومنتجاتها,أجبان,جبن فيتا,1.0,RULE,AR,False,,,,,,,
Safari,ينتهي في الثلاثاء، ٤ أغسطس ٢٠٢٦,,2026-08-02 14:46:47,Foods - processed meats and cheeses,Prime,Prime Chicken / Beef Mortadella Assorted,دجاج / لحم البقر مرتديلا,SHOPPING BONANZA,250 GM,,6.0,0,AED,,page_4.jpg,flyer_20836,,,80,,,,,,,,,classified_products_v2_final.xlsx,,,,20836,٤ أغسطس ٢٠٢٦,ينتهي في الثلاثاء، ٤ أغسطس ٢٠٢٦,Safari,2026-08-02 17:33:28,,,,,2024-08-02,0.742,0.8552,0.1330000000000001,0.0096,1.0,cd82ae4426d4df6f,effe070d-90c5-4f9d-a9ea-cd102682343d,78.0,80,,,aggregated_bulk_flyer_data_unified_02_08.xlsx,100.0,False,,,,,78.0,83.0,88.0,,91.0,,,,,,,,,,,Deli,,أطعمة -لحوم مصنعة وأجبان,لانشون ومورتاديلا,لانشون,0.97,RULE_FUZZY,EN,False,,,,,,,
Safari,ينتهي في الثلاثاء، ٤ أغسطس ٢٠٢٦,,2026-08-02 14:47:10,Foods - Spices,Ching's,Ching's Red Chilli Sauce / Green Chilli Sauce 680Gm / Dark Soy Sauce 750Gm - 1Pc,صلصه تشينجز,SHOPPING BONANZA,1Pc,,6.5,0,AED,,page_14.jpg,flyer_20836,,,87,,,,,,,,,classified_products_v2_final.xlsx,,,,20836,٤ أغسطس ٢٠٢٦,ينتهي في الثلاثاء، ٤ أغسطس ٢٠٢٦,Safari,2026-08-02 17:21:08,,,,,,0.74205,0.46024,0.0776,0.012444,1.0,2ae75bd0d8e91b97,254fd345-d06c-4646-8ffa-bb4bb46b2b95,83.0,87,87.0,,aggregated_bulk_flyer_data_unified_02_08.xlsx,100.0,False,,,,,83.0,87.0,96.0,,98.0,,87.0,,,,,,,,,توابل وبهارات,,أطعمة -توابل,خلطات جاهزة,صلصة,1.0,RULE,AR,False,,,,,,,
Safari,ينتهي في الثلاثاء، ٤ أغسطس ٢٠٢٦,,2026-08-02 14:47:10,Foods - grains and legumes,Legador,Legador Baked Beans / Foul Medammes / Red Kidney Beans / Green Peas / Chick Peas 400Gmx3Pcs - 1Set,ليجادور حمص متنوعه,SHOPPING BONANZA,1Set,,6.5,0,AED,,page_14.jpg,flyer_20836,,,87,,,,,,,,,classified_products_v2_final.xlsx,,,,20836,٤ أغسطس ٢٠٢٦,ينتهي في الثلاثاء، ٤ أغسطس ٢٠٢٦,Safari,2026-08-02 17:21:08,,,,,,0.26287,0.89578,0.12319,0.0124440000000001,1.0,a74f1aa3f4217b7f,254fd345-d06c-4646-8ffa-bb4bb46b2b95,92.0,87,98.0,,aggregated_bulk_flyer_data_unified_02_08.xlsx,100.0,False,,,,,92.0,96.0,99.0,,99.0,,98.0,,,,,,,,,,,أطعمة -حبوب وبقوليات,بقوليات,حمص,1.0,RULE,AR,False,,,,,,,
Safari,ينتهي في الثلاثاء، ٤ أغسطس ٢٠٢٦,,2026-08-02 14:46:53,Food - drinks,Nellara,Nellara White/ Chemba Puttu Powder 1Kg - 1Pc,Nellara White/ Chemba Puttu Powder 1Kg - 1Pc,Puttu Fest,1Kg,9.75,6.75,30,AED,1Pc,page_7.jpg,flyer_20836,,,79,,,,,,,,,classified_products_v2_final.xlsx,,,,20836,٤ أغسطس ٢٠٢٦,ينتهي في الثلاثاء، ٤ أغسطس ٢٠٢٦,Safari,2026-08-02 17:34:54,,,,,,0.266570909090909,0.4805366666666667,0.0918109090909091,0.0273193333333332,1.0,5f2396a7e9289526,7b1e9d2e-9d8d-4f15-926d-6eb3fd60cda1,61.0,79,99.0,,aggregated_bulk_flyer_data_unified_02_08.xlsx,100.0,False,,,,,,61.0,86.0,,94.0,80.0,99.0,,,,,,,,,,,أطعمة -مشروبات,شاي وأعشاب,عرقسوس,0.477,FUZZY,EN,True,الفئة الناتجة (أطعمة -مشروبات) تخالف خانة الفئة المدخلة (nan) التي توحي بـ «nan»,,,,,,
Safari,ينتهي في الثلاثاء، ٤ أغسطس ٢٠٢٦,UAE,2026-08-02 14:46:46,Foods - Spices,,Capsicum Red,الفلفل الاحمر,THE LARGEST HYPERMARKET IN UAE,1kg,6.75,6.75,0,AED,,page_3.jpg,flyer_20836,,,86,,,,,,,,,classified_products_v2_final.xlsx,,,,20836,٤ أغسطس ٢٠٢٦,ينتهي في الثلاثاء، ٤ أغسطس ٢٠٢٦,Safari Hypermarket,2026-08-02 17:31:40,,,,,2024-08-02,0.775,0.915,0.066,0.013,1.0,c029a1a519984f2d,fe417a10-f756-45f4-91ab-e6595d4a237a,78.0,86,100.0,,aggregated_bulk_flyer_data_unified_02_08.xlsx,100.0,False,,,,,78.0,97.0,,,99.0,100.0,100.0,,,,,,,,,توابل وبهارات,,أطعمة -توابل,بهارات وتوابل,توابل,0.85,FUZZY,OCR_STRONG,False,,,,,,,
Safari,ينتهي في الثلاثاء، ٤ أغسطس ٢٠٢٦,,2026-08-02 14:47:10,Foods - canned tuna,Siblou,Siblou Light Tuna Water / Light Tuna Oil 160Gmx2Pcs - 1Set,تونه خفيفه سيبلو بالماء /الزيت,SHOPPING BONANZA,1Set,,6.75,0,AED,,page_14.jpg,flyer_20836,,,87,,,,,,,,,classified_products_v2_final.xlsx,,,,20836,٤ أغسطس ٢٠٢٦,ينتهي في الثلاثاء، ٤ أغسطس ٢٠٢٦,Safari,2026-08-02 17:21:08,,,,,,0.02716,0.89578,0.17169,0.0124440000000001,1.0,d44475f4c7d4f94e,254fd345-d06c-4646-8ffa-bb4bb46b2b95,68.0,87,93.0,,aggregated_bulk_flyer_data_unified_02_08.xlsx,100.0,False,,,,,68.0,93.0,91.0,,95.0,,93.0,,,,,,,,,زيوت وسمن,,أطعمة -معلبات / تونة,تونة وسمك,علب تونة,0.97,RULE_FUZZY,AR,True,الفئة الناتجة (أطعمة -معلبات / تونة) تخالف خانة الفئة المدخلة (زيوت وسمن) التي توحي بـ «أطعمة -زيوت ودهون»,,,,,,
Safari,ينتهي في الثلاثاء، ٤ أغسطس ٢٠٢٦,,2026-08-02 14:46:45,Food - drinks,,Apple Royal Gala,حفل ابل رويال غالا,SHOPPING BONANZA,1kg,,6.75,0,AED,3 DAYS ONLY JULY 30TH TO AUG 01ST,page_2.jpg,flyer_20836,,,85,,,,,,,,,classified_products_v2_final.xlsx,,,,20836,٤ أغسطس ٢٠٢٦,ينتهي في الثلاثاء، ٤ أغسطس ٢٠٢٦,Safari,2026-08-02 17:23:19,,,,,2024-08-02,0.0320581818181818,0.6972666666666667,0.1034009090909091,0.0100426666666665,1.0,5d4f9274954016a3,33306d0b-8dae-40f8-b438-08e87882f923,69.0,85,90.0,,aggregated_bulk_flyer_data_unified_02_08.xlsx,100.0,False,,,,,69.0,92.0,,,96.0,,90.0,,,,,,,,,,,أطعمة -مشروبات,شاي,شاي أسود,0.469,FUZZY,AR_FULL+PROMO+EN,True,الفئة الناتجة (أطعمة -مشروبات) تخالف خانة الفئة المدخلة (nan) التي توحي بـ «nan»,,,,,,
Safari,ينتهي في الثلاثاء، ٤ أغسطس ٢٠٢٦,,2026-08-02 14:47:10,Foods - sauces and spices,Golden Shine,Golden Shine White Vinegar 946mlx2Pcs / White Vinegar 473mlx3Pcs - 1Set,خل ابيض,SHOPPING BONANZA,1Set,,6.75,0,AED,,page_14.jpg,flyer_20836,,,87,,,,,,,,,classified_products_v2_final.xlsx,,,,20836,٤ أغسطس ٢٠٢٦,ينتهي في الثلاثاء، ٤ أغسطس ٢٠٢٦,Safari,2026-08-02 17:21:08,,,,,,0.5141,0.89578,0.04656,0.0124440000000001,1.0,a38bd3484beb8a9c,254fd345-d06c-4646-8ffa-bb4bb46b2b95,87.0,87,100.0,,aggregated_bulk_flyer_data_unified_02_08.xlsx,100.0,False,,,,,87.0,99.0,95.0,,100.0,,100.0,,,,,,,,,,,أطعمة -صلصات وبهارات,خل,خل أبيض,0.85,FUZZY,AR,True,الفئة الناتجة (أطعمة -صلصات وبهارات) تخالف خانة الفئة المدخلة (nan) التي توحي بـ «nan»,,,,,,
Safari,ينتهي في الثلاثاء، ٤ أغسطس ٢٠٢٦,,2026-08-02 14:46:45,Foods - fruits and vegetables,,Grapes Red Crimson (Approx. 500Gm),عنب احمر قرمزي,SHOPPING BONANZA,1Box,,6.75,0,AED,3 DAYS ONLY JULY 30TH TO AUG 01ST,page_2.jpg,flyer_20836,,,85,,,,,,,,,classified_products_v2_final.xlsx,,,,20836,٤ أغسطس ٢٠٢٦,ينتهي في الثلاثاء، ٤ أغسطس ٢٠٢٦,Safari,2026-08-02 17:23:19,,,,,2024-08-02,0.3509581818181818,0.476328,0.09567,0.0100426666666666,1.0,a7c0078b22d6fb4d,33306d0b-8dae-40f8-b438-08e87882f923,78.0,85,89.0,,aggregated_bulk_flyer_data_unified_02_08.xlsx,100.0,False,,,,,78.0,88.0,,,84.0,,89.0,,,,,,,,,خضروات وفاكهة,,أطعمة -فواكه وخضروات,فواكه,عنب,0.97,CATALOG_OVERRIDE,AR,False,,,,,,,
Safari,ينتهي في الثلاثاء، ٤ أغسطس ٢٠٢٦,,2026-08-02 14:46:45,Foods - fruits and vegetables,,Mandarin Learni S/A,فاكهه اليوسفي,SHOPPING BONANZA,1kg,,6.75,0,AED,3 DAYS ONLY JULY 30TH TO AUG 01ST,page_2.jpg,flyer_20836,,,85,,,,,,,,,classified_products_v2_final.xlsx,,,,20836,٤ أغسطس ٢٠٢٦,ينتهي في الثلاثاء، ٤ أغسطس ٢٠٢٦,Safari,2026-08-02 17:23:19,,,,,2024-08-02,0.7848554545454546,0.4899573333333333,0.0889054545454545,0.0100426666666667,1.0,dc1bfb5553123358,33306d0b-8dae-40f8-b438-08e87882f923,66.0,85,96.0,,aggregated_bulk_flyer_data_unified_02_08.xlsx,100.0,False,,,,,66.0,92.0,,,96.0,,96.0,,,,,,,,,,,أطعمة -فواكه وخضروات,فواكه,يوسفي,0.819,FUZZY,AR,True,الفئة الناتجة (أطعمة -فواكه وخضروات) تخالف خانة الفئة المدخلة (nan) التي توحي بـ «nan»,,,,,,
Safari,ينتهي في الثلاثاء، ٤ أغسطس ٢٠٢٦,,2026-08-02 14:46:51,,,Puttu 1Pc + Black Channa Curry 200gm,പുട്ടും കടലയും,Puttu Fest,200 gm,9.5,6.75,28,AED,,page_6.jpg,flyer_20836,,,75,,,,,,,,,classified_products_v2_final.xlsx,,,,20836,٤ أغسطس ٢٠٢٦,ينتهي في الثلاثاء، ٤ أغسطس ٢٠٢٦,Safari Bakery,2026-08-02 17:34:21,,,,,,0.1275618181818182,0.703584,0.1288327272727273,0.009696,1.0,a2890eaab215bfc0,07b0895b-1a0e-4c1e-ab5d-fd99df7fc98b,65.0,75,82.0,,aggregated_bulk_flyer_data_unified_02_08.xlsx,100.0,False,,,,,65.0,75.0,,,,67.0,82.0,,,,,,,,,,,,,,0.15,OCR_ONLY,OCR+EN,True,,,,,,,
Safari,ينتهي في الثلاثاء، ٤ أغسطس ٢٠٢٦,,2026-08-02 14:46:51,,,Puttu 1Pc + Green Gram 200gm + Papad 1Pc,പുട്ടും പയറും പപ്പടവും,Puttu Fest,200 gm,9.5,6.75,28,AED,,page_6.jpg,flyer_20836,,,75,,,,,,,,,classified_products_v2_final.xlsx,,,,20836,٤ أغسطس ٢٠٢٦,ينتهي في الثلاثاء، ٤ أغسطس ٢٠٢٦,Safari Bakery,2026-08-02 17:34:21,,,,,,0.1212109090909091,0.933056,0.15968,0.0096959999999997,1.0,de04ac4039a5fb8e,07b0895b-1a0e-4c1e-ab5d-fd99df7fc98b,70.0,75,94.0,,aggregated_bulk_flyer_data_unified_02_08.xlsx,100.0,False,,,,,70.0,78.0,,,,91.0,94.0,,,,,,,,,,,,,,0.15,OCR_ONLY,OCR+EN,True,,,,,,,
Safari,ينتهي في الثلاثاء، ٤ أغسطس ٢٠٢٦,,2026-08-02 14:46:49,,,Fish Puttu,മീൻ പുട്ട്,Puttu Fest,1Pc,9.0,6.75,25,AED,,page_5.jpg,flyer_20836,,,65,,,,,,,,,classified_products_v2_final.xlsx,,,,20836,٤ أغسطس ٢٠٢٦,ينتهي في الثلاثاء، ٤ أغسطس ٢٠٢٦,Safari Bakery,2026-08-02 17:34:08,2.25,,,,,,,,,,90e7c8e31660c703,69fd06c9-e344-4f1b-b542-a88db3945c57,,65,,,aggregated_bulk_flyer_data_unified_02_08.xlsx,,True,overall_confidence<70,,,,,,,,,,,,,,,,,,,Puttu,,,,,0.0,NONE,OCR+EN,True,,,,,,,
Safari,ينتهي في الثلاثاء، ٤ أغسطس ٢٠٢٦,"SAFARI MALL, MUWEILAH, SHARJAH - UAE",2026-08-02 14:46:44,,,IRACHI PUTTU FULL - 1PC,اراشي بوتو,SHOPPING BONANZA,1PC,11.0,7.0,36,AED,,page_1.jpg,flyer_20836,,,77,,,,,,,,,classified_products_v2_final.xlsx,,,,20836,٤ أغسطس ٢٠٢٦,ينتهي في الثلاثاء، ٤ أغسطس ٢٠٢٦,Safari World Class Shopping Experience,2026-08-02 17:15:02,4.0,,,,2026-08-05,,,,,,783e5dabf07891b6,0bdee1b4-a4d4-4de1-95dd-084892926710,,77,,,aggregated_bulk_flyer_data_unified_02_08.xlsx,,False,,,,,,,,,,,,,,,,,,,,,,,,,0.15,OCR_ONLY,OCR+EN,True,,,,,,,
Safari,ينتهي في الثلاثاء، ٤ أغسطس ٢٠٢٦,SHARJAH - UAE,2026-08-02 14:47:32,Wash (powder),,Boys / Girls Slippers Asstd,شباشب للاولاد والبنات,Footwear Offers,,,7.0,0,AED,,page_30.jpg,flyer_20836,,,83,,,,,,,,,classified_products_v2_final.xlsx,,,,20836,٤ أغسطس ٢٠٢٦,ينتهي في الثلاثاء، ٤ أغسطس ٢٠٢٦,SAFARI,2026-08-02 17:29:05,,,,,,0.665,0.947,0.16,0.0190000000000001,1.0,5fe47cce0c8da600,e946d76c-1434-4c83-8f0b-c01e29340df2,96.0,83,97.0,,aggregated_bulk_flyer_data_unified_02_08.xlsx,100.0,False,,,,,96.0,96.0,,,,,97.0,,,,,,,,,Footwear,,غسيل (مسحوق ),مسحوق غسيل,جل غسيل,0.4,PREV_ROW_CATEGORY,PREV_ROW,True,,,,,,,
Safari,ينتهي في الثلاثاء، ٤ أغسطس ٢٠٢٦,SHARJAH - UAE,2026-08-02 14:47:32,Wash (powder),,Gel Insoles Asstd,نعال جل,Footwear Offers,,,7.0,0,AED,,page_30.jpg,flyer_20836,,,83,,,,,,,,,classified_products_v2_final.xlsx,,,,20836,٤ أغسطس ٢٠٢٦,ينتهي في الثلاثاء، ٤ أغسطس ٢٠٢٦,SAFARI,2026-08-02 17:29:05,,,,,,0.355,0.947,0.06,0.0190000000000001,1.0,f51408fe354973f8,e946d76c-1434-4c83-8f0b-c01e29340df2,94.0,83,90.0,,aggregated_bulk_flyer_data_unified_02_08.xlsx,100.0,False,,,,,94.0,96.0,,,,,90.0,,,,,,,,,Footwear,,غسيل (مسحوق ),مسحوق غسيل,جل غسيل,1.0,RULE,EN,False,,,,,,,
Safari,ينتهي في الثلاثاء، ٤ أغسطس ٢٠٢٦,,2026-08-02 14:47:24,,,Bowl 5pc,وعاء,SHOPPING BONANZA,5 pcs,12.0,7.0,41,AED,,page_22.jpg,flyer_20836,,,80,,,,,,,,,classified_products_v2_final.xlsx,,,,20836,٤ أغسطس ٢٠٢٦,ينتهي في الثلاثاء، ٤ أغسطس ٢٠٢٦,Safari,2026-08-02 17:23:31,,,,,,0.73712,0.6807599999999999,0.0266072727272727,0.011472,1.0,9ba91980b124f363,dccd2266-b1c2-4a4b-83bb-f2cb72f7327c,72.0,80,94.0,,aggregated_bulk_flyer_data_unified_02_08.xlsx,100.0,False,,,,,72.0,85.0,,,75.0,92.0,94.0,,,,,,,,,,,,,,0.15,OCR_ONLY,OCR+EN,True,,,,,,,
Safari,ينتهي في الثلاثاء، ٤ أغسطس ٢٠٢٦,,2026-08-02 14:47:10,Foods - Spices,Ornic,Ornic Pink Himalayan Salt 500Gm Jar,ملح الهيمالايا الوردي,SHOPPING BONANZA,500Gm Jar,,7.5,0,AED,,page_14.jpg,flyer_20836,,,87,,,,,,,,,classified_products_v2_final.xlsx,,,,20836,٤ أغسطس ٢٠٢٦,ينتهي في الثلاثاء، ٤ أغسطس ٢٠٢٦,Safari,2026-08-02 17:21:08,,,,,,0.74205,0.89578,0.10961,0.0124440000000001,1.0,d43e8dd0a95601c6,254fd345-d06c-4646-8ffa-bb4bb46b2b95,94.0,87,98.0,,aggregated_bulk_flyer_data_unified_02_08.xlsx,100.0,False,,,,,94.0,98.0,97.0,,94.0,,98.0,,,,,,,,,توابل وبهارات,,أطعمة -توابل,بهارات وتوابل,توابل,1.0,RULE,EN+OCR,False,,,,,,,
Safari,ينتهي في الثلاثاء، ٤ أغسطس ٢٠٢٦,,2026-08-02 14:46:47,Foods - dairy products,,Cheddar Red / White Cheese,جبنه شيدر بيضاء / جبنه حمراء,SHOPPING BONANZA,250 GM,,7.75,0,AED,,page_4.jpg,flyer_20836,,,80,,,,,,,,,classified_products_v2_final.xlsx,,,,20836,٤ أغسطس ٢٠٢٦,ينتهي في الثلاثاء، ٤ أغسطس ٢٠٢٦,Safari,2026-08-02 17:33:28,,,,,2024-08-02,0.742,0.6632,0.1680000000000002,0.0096,1.0,a979aabf5e63d2e2,effe070d-90c5-4f9d-a9ea-cd102682343d,90.0,80,76.0,,aggregated_bulk_flyer_data_unified_02_08.xlsx,100.0,False,,,,,90.0,89.0,,,93.0,,76.0,,,,,,,,,Deli,,أطعمة -الألبان ومنتجاتها,أجبان,جبن شيدر,1.0,RULE,AR,False,,,,,,,
Safari,ينتهي في الثلاثاء، ٤ أغسطس ٢٠٢٦,,2026-08-02 14:46:55,Frozen foods,Kwality,Kwality Munch O Almond Minis 50mlx6's / Cruncho&munch Ice Cream 4x120ml / Cone Vanilla 110mlx5pcs Multipack,كواليتي كريم ايس,SHOPPING BONANZA,Multipack,,7.75,0,AED,,page_8.jpg,flyer_20836,,,83,,,,,,,,,classified_products_v2_final.xlsx,,,,20836,٤ أغسطس ٢٠٢٦,ينتهي في الثلاثاء، ٤ أغسطس ٢٠٢٦,SAFARI,2026-08-02 17:39:34,,,,,,0.502,0.675,0.0979999999999999,0.01,1.0,910f0d4c8ddf10f9,a0a77af9-c09f-4779-b587-cc97249aa514,82.0,83,96.0,,aggregated_bulk_flyer_data_unified_02_08.xlsx,100.0,False,,,,,82.0,83.0,79.0,,76.0,,96.0,,,,,,,,,,,أطعمة مجمدة,آيس كريم,آيس كريم,0.529,FUZZY,AR,True,الفئة الناتجة (أطعمة مجمدة) تخالف خانة الفئة المدخلة (nan) التي توحي بـ «nan»,,,,,,
Safari,ينتهي في الثلاثاء، ٤ أغسطس ٢٠٢٦,"SAFARI MALL, MUWEILAH, SHARJAH - UAE",2026-08-02 14:46:44,,Horlicks,HORLICKS CLASSIC 500GM,هورليكس,SHOPPING BONANZA,500GM,12.15,7.75,36,AED,PER CUSTOMER,page_1.jpg,flyer_20836,,,77,,,,,,,,,classified_products_v2_final.xlsx,,,,20836,٤ أغسطس ٢٠٢٦,ينتهي في الثلاثاء، ٤ أغسطس ٢٠٢٦,Safari World Class Shopping Experience,2026-08-02 17:15:02,4.4,,,,2026-08-05,0.038,0.715,0.067,0.013,1.0,ac56b2abe257417e,0bdee1b4-a4d4-4de1-95dd-084892926710,58.0,77,89.0,92.0,aggregated_bulk_flyer_data_unified_02_08.xlsx,100.0,False,,,,,58.0,80.0,51.0,,83.0,61.0,89.0,,,,,,,,,,,,,,0.15,OCR_ONLY,OCR+EN,True,,,,,,,
Safari,ينتهي في الثلاثاء، ٤ أغسطس ٢٠٢٦,,2026-08-02 14:46:45,Foods - fruits and vegetables,,Avocado Kenya,افوكادو كينيا,SHOPPING BONANZA,1kg,,8.0,0,AED,3 DAYS ONLY JULY 30TH TO AUG 01ST,page_2.jpg,flyer_20836,,,85,,,,,,,,,classified_products_v2_final.xlsx,,,,20836,٤ أغسطس ٢٠٢٦,ينتهي في الثلاثاء، ٤ أغسطس ٢٠٢٦,Safari,2026-08-02 17:23:19,,,,,2024-08-02,0.4543590909090909,0.7108960000000001,0.0724772727272727,0.0100426666666665,1.0,cd36e76ace4a66a6,33306d0b-8dae-40f8-b438-08e87882f923,71.0,85,,,aggregated_bulk_flyer_data_unified_02_08.xlsx,100.0,False,,,,,71.0,95.0,,,95.0,,,,,,,,,,,,,أطعمة -فواكه وخضروات,فواكه,أفوكادو,0.85,FUZZY,AR,True,الفئة الناتجة (أطعمة -فواكه وخضروات) تخالف خانة الفئة المدخلة (nan) التي توحي بـ «nan»,,,,,,
Safari,ينتهي في الثلاثاء، ٤ أغسطس ٢٠٢٦,,2026-08-02 14:47:17,Personal care,Fogg,Fogg Absolute Roll On Asstd 50Mlx2Pcs,رول فوج,Perfume Fest,50Mlx2Pcs,,8.0,0,AED,,page_18.jpg,flyer_20836,,,86,,,,,,,,,classified_products_v2_final.xlsx,,,,20836,٤ أغسطس ٢٠٢٦,ينتهي في الثلاثاء، ٤ أغسطس ٢٠٢٦,Safari,2026-08-02 17:19:14,,,,,,0.2594754545454546,0.9627866666666666,0.0466472727272727,0.0098346666666667,1.0,801a4906e4b7f747,f6a77c35-1854-42c3-9e4f-35183fbf91ef,88.0,86,,,aggregated_bulk_flyer_data_unified_02_08.xlsx,100.0,False,,,,,88.0,92.0,97.0,,95.0,,,,,,,,,,,Roll On,,العناية الشخصية,مزيل عرق,مزيل عرق,0.535,FUZZY,AR,True,,,,,,,
Safari,ينتهي في الثلاثاء، ٤ أغسطس ٢٠٢٦,,2026-08-02 14:46:47,Foods - pickles,,Turkish Whole Green / Black Olives,زيتون تركي كامل اخضر / اسود,SHOPPING BONANZA,500 GM,,8.0,0,AED,,page_4.jpg,flyer_20836,,,80,,,,,,,,,classified_products_v2_final.xlsx,,,,20836,٤ أغسطس ٢٠٢٦,ينتهي في الثلاثاء، ٤ أغسطس ٢٠٢٦,Safari,2026-08-02 17:33:28,,,,,2024-08-02,0.261,0.4750000000000001,0.163,0.0119999999999999,1.0,76a7f2f6e12aa904,effe070d-90c5-4f9d-a9ea-cd102682343d,75.0,80,,,aggregated_bulk_flyer_data_unified_02_08.xlsx,100.0,False,,,,,75.0,89.0,,,96.0,,,,,,,,,,,Deli,,أطعمة -مخللات,زيتون,زيتون أسود,0.83,FUZZY,AR,True,الفئة الناتجة (أطعمة -مخللات) تخالف خانة الفئة المدخلة (Deli) التي توحي بـ «أطعمة -لحوم مصنعة وأجبان»,,,,,,
Safari,ينتهي في الثلاثاء، ٤ أغسطس ٢٠٢٦,,2026-08-02 14:47:24,Kitchen (cooking utensils),,Grater,مبشره,SHOPPING BONANZA,,12.0,8.0,33,AED,,page_22.jpg,flyer_20836,,,80,,,,,,,,,classified_products_v2_final.xlsx,,,,20836,٤ أغسطس ٢٠٢٦,ينتهي في الثلاثاء، ٤ أغسطس ٢٠٢٦,Safari,2026-08-02 17:23:31,,,,,,0.5163781818181818,0.697968,0.0354763636363636,0.0114719999999999,1.0,ebb7588f6b64e1e7,dccd2266-b1c2-4a4b-83bb-f2cb72f7327c,74.0,80,90.0,,aggregated_bulk_flyer_data_unified_02_08.xlsx,100.0,False,,,,,74.0,87.0,,,,92.0,90.0,,,,,,,,,,,مطبخ (أدوات طهي),أدوات تقطيع,مبشرة,0.85,FUZZY,AR,True,الفئة الناتجة (مطبخ (أدوات طهي)) تخالف خانة الفئة المدخلة (nan) التي توحي بـ «nan»,,,,,,
Safari,ينتهي في الثلاثاء، ٤ أغسطس ٢٠٢٦,UAE,2026-08-02 14:46:59,Foods - dairy products,Lacnor,Lacnor Chocolate / Strawberry Milk 180Mlx8pcs - 1set,حليب لاكنور,THE LARGEST HYPERMARKET IN UAE,180Mlx8pcs - 1set,,8.25,0,AED,,page_9.jpg,flyer_20836,,,83,,,,,,,,,classified_products_v2_final.xlsx,,,,20836,٤ أغسطس ٢٠٢٦,ينتهي في الثلاثاء، ٤ أغسطس ٢٠٢٦,Safari,2026-08-02 17:40:04,,,,,,0.525,0.908,0.06,0.0140000000000001,1.0,1b2cf8f03e6f6a2f,bf5646bd-8e99-4afb-9dab-82c079882617,93.0,83,90.0,,aggregated_bulk_flyer_data_unified_02_08.xlsx,100.0,False,,,,,93.0,93.0,83.0,,97.0,,90.0,,,,,,,,,ألبان وأجبان,,أطعمة -الألبان ومنتجاتها,حليب ومشتقاته,حليب كامل الدسم,0.853,FUZZY,AR,False,,,,,,,
Safari,ينتهي في الثلاثاء، ٤ أغسطس ٢٠٢٦,,2026-08-02 14:46:49,,,Prawns Puttu,ചെമ്മീൻ പുട്ട്,Puttu Fest,1Pc,11.0,8.5,22,AED,,page_5.jpg,flyer_20836,,,65,,,,,,,,,classified_products_v2_final.xlsx,,,,20836,٤ أغسطس ٢٠٢٦,ينتهي في الثلاثاء، ٤ أغسطس ٢٠٢٦,Safari Bakery,2026-08-02 17:34:08,2.5,,,,,,,,,,bea0fa010387c9bf,69fd06c9-e344-4f1b-b542-a88db3945c57,,65,,,aggregated_bulk_flyer_data_unified_02_08.xlsx,,True,overall_confidence<70,,,,,,,,,,,,,,,,,,,Puttu,,,,,0.0,NONE,OCR+EN,True,,,,,,,
Safari,ينتهي في الثلاثاء، ٤ أغسطس ٢٠٢٦,,2026-08-02 14:47:10,Foods - pickles,Shan,Shan Mixed Pickle / Mango Pickle 300Gmx2Pcs - 1Set,مخلل مانجو /مخلل مشكل,SHOPPING BONANZA,1Set,,8.75,0,AED,,page_14.jpg,flyer_20836,,,87,,,,,,,,,classified_products_v2_final.xlsx,,,,20836,٤ أغسطس ٢٠٢٦,ينتهي في الثلاثاء، ٤ أغسطس ٢٠٢٦,Safari,2026-08-02 17:21:08,,,,,,0.5141,0.673984,0.1425900000000001,0.0124439999999999,1.0,2d1d83e9a340e287,254fd345-d06c-4646-8ffa-bb4bb46b2b95,87.0,87,96.0,,aggregated_bulk_flyer_data_unified_02_08.xlsx,100.0,False,,,,,87.0,89.0,99.0,,96.0,,96.0,,,,,,,,,,,أطعمة -مخللات,مخللات خضار,مخلل مشكل,0.95,FUZZY,AR,True,الفئة الناتجة (أطعمة -مخللات) تخالف خانة الفئة المدخلة (nan) التي توحي بـ «nan»,,,,,,
Safari,ينتهي في الثلاثاء، ٤ أغسطس ٢٠٢٦,,2026-08-02 14:47:36,Bags and accessories,,Ladies Wallter 2 Zipper Asstd.,Ladies Wallter 2 Zipper Asstd.,SAFARI BONVOY BAGGAGE EXPO 2026,,15.0,9.0,40,AED,,page_33.jpg,flyer_20836,,,74,,,,,,,,,classified_products_v2_final.xlsx,,,,20836,٤ أغسطس ٢٠٢٦,ينتهي في الثلاثاء، ٤ أغسطس ٢٠٢٦,Safari,2026-08-02 17:31:13,6.0,,,,,0.0713818181818181,0.968764,0.1342545454545454,0.009864,1.0,d95ae51b9556ca0b,04f126e8-a247-4f60-8006-8a00553fff47,75.0,74,78.0,,aggregated_bulk_flyer_data_unified_02_08.xlsx,100.0,False,,,,,,75.0,,,,75.0,78.0,,,,,,,,,Bags,,شنط واكسسوارات,,,0.15,OCR_ONLY,OCR+EN,True,,,,,,,
Safari,ينتهي في الثلاثاء، ٤ أغسطس ٢٠٢٦,,2026-08-02 14:47:24,Sports equipment and tools,,Silicon Mat,حصيره سيليكون,SHOPPING BONANZA,,12.0,9.0,25,AED,,page_22.jpg,flyer_20836,,,80,,,,,,,,,classified_products_v2_final.xlsx,,,,20836,٤ أغسطس ٢٠٢٦,ينتهي في الثلاثاء، ٤ أغسطس ٢٠٢٦,Safari,2026-08-02 17:23:31,,,,,,0.2572036363636364,0.6960559999999999,0.0857345454545454,0.012428,1.0,07da114867b9184f,dccd2266-b1c2-4a4b-83bb-f2cb72f7327c,75.0,80,93.0,,aggregated_bulk_flyer_data_unified_02_08.xlsx,100.0,False,,,,,75.0,85.0,,,,88.0,93.0,,,,,,,,,,,أجهزة وأدوات رياضية,أدوات تمرين,حصيرة تمارين,0.875,FUZZY,AR,True,الفئة الناتجة (أجهزة وأدوات رياضية) تخالف خانة الفئة المدخلة (nan) التي توحي بـ «nan»,,,,,,
Safari,ينتهي في الثلاثاء، ٤ أغسطس ٢٠٢٦,,2026-08-02 14:47:10,Foods - sauces and spices,Tiffany,Tiffany Tomato Ketchup 340Gmx3Pcs,كاتشب الطماطم تيفاني,SHOPPING BONANZA,340Gmx3Pcs,,9.0,0,AED,,page_14.jpg,flyer_20836,,,87,,,,,,,,,classified_products_v2_final.xlsx,,,,20836,٤ أغسطس ٢٠٢٦,ينتهي في الثلاثاء، ٤ أغسطس ٢٠٢٦,Safari,2026-08-02 17:21:08,,,,,,0.26287,0.234052,0.1425899999999999,0.013908,1.0,1be92662c3c9f2b4,254fd345-d06c-4646-8ffa-bb4bb46b2b95,57.0,87,,,aggregated_bulk_flyer_data_unified_02_08.xlsx,100.0,False,,,,,57.0,82.0,95.0,,96.0,,,,,,,,,,,خضروات وفاكهة,,أطعمة -صلصات وبهارات,صلصات غربية,كاتشب,1.0,RULE,AR,False,,,,,,,
Safari,ينتهي في الثلاثاء، ٤ أغسطس ٢٠٢٦,,2026-08-02 14:46:47,Foods - dairy products,Pinar,Pinar Turkish Labnah,لبنه بينار التركيه,SHOPPING BONANZA,500 GM,,9.0,0,AED,,page_4.jpg,flyer_20836,,,80,,,,,,,,,classified_products_v2_final.xlsx,,,,20836,٤ أغسطس ٢٠٢٦,ينتهي في الثلاثاء، ٤ أغسطس ٢٠٢٦,Safari,2026-08-02 17:33:28,,,,,2024-08-02,0.261,0.6632,0.093,0.0096,1.0,4914c23863d29f94,effe070d-90c5-4f9d-a9ea-cd102682343d,84.0,80,,,aggregated_bulk_flyer_data_unified_02_08.xlsx,100.0,False,,,,,84.0,85.0,86.0,,88.0,,,,,,,,,,,Deli,,أطعمة -الألبان ومنتجاتها,قشطة ولبنة,لبنة,0.85,FUZZY,AR,True,الفئة الناتجة (أطعمة -الألبان ومنتجاتها) تخالف خانة الفئة المدخلة (Deli) التي توحي بـ «أطعمة -لحوم مصنعة وأجبان»,,,,,,
Safari,ينتهي في الثلاثاء، ٤ أغسطس ٢٠٢٦,,2026-08-02 14:47:10,Foods - canned tuna,Farm Fresh,Farm Fresh Tomato Paste Tetra Pack 135Gmx8Pcs,معجون طماطم,SHOPPING BONANZA,135Gmx8Pcs,,9.0,0,AED,,page_14.jpg,flyer_20836,,,87,,,,,,,,,classified_products_v2_final.xlsx,,,,20836,٤ أغسطس ٢٠٢٦,ينتهي في الثلاثاء، ٤ أغسطس ٢٠٢٦,Safari,2026-08-02 17:21:08,,,,,,0.02716,0.234052,0.0892399999999999,0.012444,1.0,5a7c31c2c128ccd4,254fd345-d06c-4646-8ffa-bb4bb46b2b95,52.0,87,,,aggregated_bulk_flyer_data_unified_02_08.xlsx,100.0,False,,,,,52.0,68.0,76.0,,71.0,,,,,,,,,,,خضروات وفاكهة,,أطعمة -معلبات / تونة,مرقة وصلصات,معجون طماطم مركز,0.97,CATALOG_OVERRIDE,AR,True,الفئة الناتجة (أطعمة -معلبات / تونة) تخالف خانة الفئة المدخلة (خضروات وفاكهة) التي توحي بـ «أطعمة -فواكه وخضروات»,,,,,,
Safari,ينتهي في الثلاثاء، ٤ أغسطس ٢٠٢٦,,2026-08-02 14:46:45,Foods - fruits and vegetables,,Yellow Banana India,موز اصفر الهند,SHOPPING BONANZA,1kg,,9.0,0,AED,2 DAYS ONLY JULY 30TH & 31ST,page_2.jpg,flyer_20836,,,85,,,,,,,,,classified_products_v2_final.xlsx,,,,20836,٤ أغسطس ٢٠٢٦,ينتهي في الثلاثاء، ٤ أغسطس ٢٠٢٦,Safari,2026-08-02 17:23:19,,,,,2024-08-02,0.7848554545454546,0.7108960000000001,0.0724772727272727,0.0100426666666665,1.0,758a0ad16da0b1a7,33306d0b-8dae-40f8-b438-08e87882f923,81.0,85,,,aggregated_bulk_flyer_data_unified_02_08.xlsx,100.0,False,,,,,81.0,99.0,,,98.0,,,,,,,,,,,خضروات وفاكهة,,أطعمة -فواكه وخضروات,فواكه,موز,0.85,FUZZY,AR,False,,,,,,,
Safari,ينتهي في الثلاثاء، ٤ أغسطس ٢٠٢٦,,2026-08-02 14:47:29,Clothes and shoes,,Ladies Top Asstd,نساييه بلوزه من الفيه,Timeless Beauty Endless Charm Explore our latest collection of ladies fashion accessories crafted for every occasion and every mood.,,59.0,9.0,84,AED,,page_27.jpg,flyer_20836,,,79,,,,,,,,,classified_products_v2_final.xlsx,,,,20836,٤ أغسطس ٢٠٢٦,ينتهي في الثلاثاء، ٤ أغسطس ٢٠٢٦,Safari,2026-08-02 17:25:31,,,,,,0.2785,0.2033440000000001,0.0717599999999999,0.0251459999999999,1.0,147a8f9e8bfa4151,aa45d73f-1631-4752-a01f-3d0456f1d4e3,61.0,79,71.0,,aggregated_bulk_flyer_data_unified_02_08.xlsx,100.0,False,,,,,61.0,73.0,,,,64.0,71.0,,,,,,,,,,,ملابس وأحذية,ملابس نسائي,بلوزة,0.861,FUZZY,AR,True,الفئة الناتجة (ملابس وأحذية) تخالف خانة الفئة المدخلة (nan) التي توحي بـ «nan»,,,,,,
Safari,ينتهي في الثلاثاء، ٤ أغسطس ٢٠٢٦,,2026-08-02 14:46:53,,Eastern,Eastern Ragi Puttu Podi 1Kg,Eastern Ragi Puttu Podi 1Kg,Puttu Fest,1Kg,14.0,9.25,33,AED,,page_7.jpg,flyer_20836,,,79,,,,,,,,,classified_products_v2_final.xlsx,,,,20836,٤ أغسطس ٢٠٢٦,ينتهي في الثلاثاء، ٤ أغسطس ٢٠٢٦,Safari,2026-08-02 17:34:54,,,,,,0.8652545454545454,0.4805366666666667,0.0889418181818181,0.0273193333333332,1.0,2b787da19d7b066d,7b1e9d2e-9d8d-4f15-926d-6eb3fd60cda1,72.0,79,89.0,,aggregated_bulk_flyer_data_unified_02_08.xlsx,100.0,False,,,,,,72.0,67.0,,74.0,86.0,89.0,,,,,,,,,,,,,,0.15,OCR_ONLY,OCR+EN,True,,,,,,,
Safari,ينتهي في الثلاثاء، ٤ أغسطس ٢٠٢٦,"SAFARI MALL, MUWEILAH, SHARJAH - UAE",2026-08-02 14:46:44,Foods - chocolate and sweets,Milka,MILKA CHOCOLATE BUBBLY ALPINE MILK /OREO 90GMX2PCS /ALPINE MILK 98GMX2PCS /WHOLENUT 85GMX2PCS /CARAMEL 95GMX2PCS - 1SET,شوكولاته ميلكا,SHOPPING BONANZA,1SET,12.35,9.25,25,AED,4 DAYS ONLY JUL 30™ TO AUG. 02™ PER CUSTOMER,page_1.jpg,flyer_20836,,,77,,,,,,,,,classified_products_v2_final.xlsx,,,,20836,٤ أغسطس ٢٠٢٦,ينتهي في الثلاثاء، ٤ أغسطس ٢٠٢٦,Safari World Class Shopping Experience,2026-08-02 17:15:02,3.1,,,,2026-08-05,,,,,,c4a94a3daaab934f,0bdee1b4-a4d4-4de1-95dd-084892926710,,77,,,aggregated_bulk_flyer_data_unified_02_08.xlsx,,False,,,,,,,,,,,,,,,,,,,,مشروبات غازية,,أطعمة- شيكولاتة وحلويات,شوكولاتات,شيكولاتة,1.0,RULE,AR,False,,,,,,,
Safari,ينتهي في الثلاثاء، ٤ أغسطس ٢٠٢٦,,2026-08-02 14:47:10,Foods - nuts and crackers,American Classic,American Classic Coconut Milk Tin 400mlx3Pcs,حليب جوز الهند امريكان,SHOPPING BONANZA,400mlx3Pcs,,9.75,0,AED,,page_14.jpg,flyer_20836,,,87,,,,,,,,,classified_products_v2_final.xlsx,,,,20836,٤ أغسطس ٢٠٢٦,ينتهي في الثلاثاء، ٤ أغسطس ٢٠٢٦,Safari,2026-08-02 17:21:08,,,,,,0.74205,0.673984,0.12319,0.0124439999999999,1.0,a31b3d6b7b25eee7,254fd345-d06c-4646-8ffa-bb4bb46b2b95,89.0,87,98.0,,aggregated_bulk_flyer_data_unified_02_08.xlsx,100.0,False,,,,,89.0,88.0,97.0,,94.0,,98.0,,,,,,,,,ألبان وأجبان,,أطعمة -مكسرات ومقرمشات,مكسرات,جوز هند,0.891,FUZZY,AR,True,الفئة الناتجة (أطعمة -مكسرات ومقرمشات) تخالف خانة الفئة المدخلة (ألبان وأجبان) التي توحي بـ «أطعمة -الألبان ومنتجاتها»,,,,,,
Safari,ينتهي في الثلاثاء، ٤ أغسطس ٢٠٢٦,UAE,2026-08-02 14:46:59,Foods - dairy products,Marmum,Marmum Full Cream Milk 2 Ltr,حليب كامل الدسم,THE LARGEST HYPERMARKET IN UAE,2 Ltr,,9.75,0,AED,,page_9.jpg,flyer_20836,,,83,,,,,,,,,classified_products_v2_final.xlsx,,,,20836,٤ أغسطس ٢٠٢٦,ينتهي في الثلاثاء، ٤ أغسطس ٢٠٢٦,Safari,2026-08-02 17:40:04,,,,,,0.287,0.378,0.018,0.092,1.0,b0eed1cc6035d816,bf5646bd-8e99-4afb-9dab-82c079882617,56.0,83,83.0,,aggregated_bulk_flyer_data_unified_02_08.xlsx,100.0,False,,,,,56.0,70.0,64.0,,92.0,,83.0,,,,,,,,,ألبان وأجبان,,أطعمة -الألبان ومنتجاتها,حليب ومشتقاته,حليب كامل الدسم,1.0,RULE,AR,False,,,,,,,
Safari,ينتهي في الثلاثاء، ٤ أغسطس ٢٠٢٦,,2026-08-02 14:46:47,Foods - grains and legumes,,Fresh Garlic Paste / Hommous (Home Made),حمص بالثوم طازج,SHOPPING BONANZA,500 GM,,9.75,0,AED,,page_4.jpg,flyer_20836,,,80,,,,,,,,,classified_products_v2_final.xlsx,,,,20836,٤ أغسطس ٢٠٢٦,ينتهي في الثلاثاء، ٤ أغسطس ٢٠٢٦,Safari,2026-08-02 17:33:28,,,,,2024-08-02,0.565,0.856,0.0387636363636363,0.0096,1.0,47d4660f23926703,effe070d-90c5-4f9d-a9ea-cd102682343d,59.0,80,69.0,,aggregated_bulk_flyer_data_unified_02_08.xlsx,100.0,False,,,,,59.0,63.0,,,78.0,,69.0,,,,,,,,,Deli,,أطعمة -حبوب وبقوليات,بقوليات,حمص,1.0,RULE,AR,False,,,,,,,
Safari,ينتهي في الثلاثاء، ٤ أغسطس ٢٠٢٦,,2026-08-02 14:46:45,,,Cherry,شيري,SHOPPING BONANZA,1Pkt,,9.75,0,AED,3 DAYS ONLY JULY 30TH TO AUG 01ST,page_2.jpg,flyer_20836,,,85,,,,,,,,,classified_products_v2_final.xlsx,,,,20836,٤ أغسطس ٢٠٢٦,ينتهي في الثلاثاء، ٤ أغسطس ٢٠٢٦,Safari,2026-08-02 17:23:19,,,,,2024-08-02,0.8409045454545454,0.917488,0.0328563636363636,0.0100426666666667,1.0,bc761f20e4cdfd05,33306d0b-8dae-40f8-b438-08e87882f923,79.0,85,87.0,,aggregated_bulk_flyer_data_unified_02_08.xlsx,100.0,False,,,,,79.0,85.0,,,95.0,,87.0,,,,,,,,,,,,,,0.15,OCR_ONLY,OCR+EN,True,,,,,,,
Safari,ينتهي في الثلاثاء، ٤ أغسطس ٢٠٢٦,,2026-08-02 14:47:17,Personal care,Raahath,Raahath Attar Full Roll On 8 MI X 6S,عطر راحه,Perfume Fest,8 MI X 6S,,9.75,0,AED,,page_18.jpg,flyer_20836,,,86,,,,,,,,,classified_products_v2_final.xlsx,,,,20836,٤ أغسطس ٢٠٢٦,ينتهي في الثلاثاء، ٤ أغسطس ٢٠٢٦,Safari,2026-08-02 17:19:14,,,,,,0.5004863636363637,0.9627866666666666,0.0524781818181816,0.0098346666666667,1.0,4a0f687b0c0f175d,f6a77c35-1854-42c3-9e4f-35183fbf91ef,90.0,86,97.0,,aggregated_bulk_flyer_data_unified_02_08.xlsx,100.0,False,,,,,90.0,94.0,97.0,,93.0,,97.0,,,,,,,,,Attar,,العناية الشخصية,عطور ومزيلات,عطر,1.0,RULE,AR,False,,,,,,,
Safari,ينتهي في الثلاثاء، ٤ أغسطس ٢٠٢٦,,2026-08-02 14:46:45,Foods - dairy products,,Papaya Fruit,فاكهه البابايا,SHOPPING BONANZA,1kg,,9.75,0,AED,3 DAYS ONLY JULY 30TH TO AUG 01ST,page_2.jpg,flyer_20836,,,85,,,,,,,,,classified_products_v2_final.xlsx,,,,20836,٤ أغسطس ٢٠٢٦,ينتهي في الثلاثاء، ٤ أغسطس ٢٠٢٦,Safari,2026-08-02 17:23:19,,,,,2024-08-02,0.2997409090909091,0.9038586666666664,0.0724772727272727,0.0100426666666667,1.0,045f947a52faba93,33306d0b-8dae-40f8-b438-08e87882f923,84.0,85,92.0,,aggregated_bulk_flyer_data_unified_02_08.xlsx,100.0,False,,,,,84.0,94.0,,,96.0,,92.0,,,,,,,,,,,أطعمة -الألبان ومنتجاتها,زبادي وكريمة,زبادي فاكهة,0.499,FUZZY,AR_FULL+PROMO+EN,True,الفئة الناتجة (أطعمة -الألبان ومنتجاتها) تخالف خانة الفئة المدخلة (nan) التي توحي بـ «nan»,,,,,,
Safari,ينتهي في الثلاثاء، ٤ أغسطس ٢٠٢٦,,2026-08-02 14:46:45,,,Lychee China,ليتشي الصين,SHOPPING BONANZA,1kg,,9.75,0,AED,3 DAYS ONLY JULY 30TH TO AUG 01ST,page_2.jpg,flyer_20836,,,85,,,,,,,,,classified_products_v2_final.xlsx,,,,20836,٤ أغسطس ٢٠٢٦,ينتهي في الثلاثاء، ٤ أغسطس ٢٠٢٦,Safari,2026-08-02 17:23:19,,,,,2024-08-02,0.0320581818181818,0.9038586666666664,0.0724772727272727,0.0100426666666667,1.0,5a80802d74e617c5,33306d0b-8dae-40f8-b438-08e87882f923,78.0,85,82.0,,aggregated_bulk_flyer_data_unified_02_08.xlsx,100.0,False,,,,,78.0,97.0,,,97.0,,82.0,,,,,,,,,,,,,,0.15,OCR_ONLY,OCR+EN,True,,,,,,,
Safari,ينتهي في الثلاثاء، ٤ أغسطس ٢٠٢٦,UAE,2026-08-02 14:46:59,Food - drinks,Coca Cola / Sprite,Coca Cola / Sprite Assorted 2ltrx2pcs,مشروب غازي كوكاكولا / سبرايت,THE LARGEST HYPERMARKET IN UAE,2ltrx2pcs,,9.75,0,AED,,page_9.jpg,flyer_20836,,,83,,,,,,,,,classified_products_v2_final.xlsx,,,,20836,٤ أغسطس ٢٠٢٦,ينتهي في الثلاثاء، ٤ أغسطس ٢٠٢٦,Safari,2026-08-02 17:40:04,,,,,,0.287,0.908,0.18,0.0140000000000001,1.0,be01ff33aafa65a8,bf5646bd-8e99-4afb-9dab-82c079882617,89.0,83,86.0,,aggregated_bulk_flyer_data_unified_02_08.xlsx,100.0,False,,,,,89.0,93.0,70.0,,99.0,,86.0,,,,,,,,,مشروبات غازية,,أطعمة -مشروبات,مشروبات غازية,كوكا كولا,0.97,RULE_FUZZY,EN,False,,,,,,,
Safari,ينتهي في الثلاثاء، ٤ أغسطس ٢٠٢٦,,2026-08-02 14:46:55,Foods - chickens and birds,Emborg,Emborg Chicken Franks Spicy/Normal 340gmx3pcs - 1set,نقانق دجاج امبورغ,SHOPPING BONANZA,340gmx3pcs - 1set,,9.75,0,AED,,page_8.jpg,flyer_20836,,,83,,,,,,,,,classified_products_v2_final.xlsx,,,,20836,٤ أغسطس ٢٠٢٦,ينتهي في الثلاثاء، ٤ أغسطس ٢٠٢٦,SAFARI,2026-08-02 17:39:34,,,,,,0.275,0.235,0.095,0.01,1.0,b3cfe0db80cb5648,a0a77af9-c09f-4779-b587-cc97249aa514,57.0,83,80.0,,aggregated_bulk_flyer_data_unified_02_08.xlsx,100.0,False,,,,,57.0,74.0,56.0,,82.0,,80.0,,,,,,,,,لحوم ودواجن,,أطعمة -فراخ وطيور,دجاج وأجزاؤه,دجاج,0.865,CATALOG_OVERRIDE,AR,False,,,,,,,
Safari,ينتهي في الثلاثاء، ٤ أغسطس ٢٠٢٦,,2026-08-02 14:46:55,Frozen foods,ID,ID Frozen Plain / Malabar / Whole Wheat Paratha 350gmx3pcs,هويه باراثا مجمده,SHOPPING BONANZA,350gmx3pcs,,9.75,0,AED,,page_8.jpg,flyer_20836,,,83,,,,,,,,,classified_products_v2_final.xlsx,,,,20836,٤ أغسطس ٢٠٢٦,ينتهي في الثلاثاء، ٤ أغسطس ٢٠٢٦,SAFARI,2026-08-02 17:39:34,,,,,,0.742,0.68,0.113,0.0099999999999999,1.0,59f8de9d6158170d,a0a77af9-c09f-4779-b587-cc97249aa514,86.0,83,98.0,,aggregated_bulk_flyer_data_unified_02_08.xlsx,100.0,False,,,,,86.0,92.0,87.0,,89.0,,98.0,,,,,,,,,مجمدات,,أطعمة مجمدة,دجاج مجمد,دجاج مجمد,0.631,FUZZY,EN,True,,,,,,,
Safari,ينتهي في الثلاثاء، ٤ أغسطس ٢٠٢٦,,2026-08-02 14:47:24,Glassware,,Water Jug,ابريق ماء,SHOPPING BONANZA,,16.0,10.0,37,AED,,page_22.jpg,flyer_20836,,,80,,,,,,,,,classified_products_v2_final.xlsx,,,,20836,٤ أغسطس ٢٠٢٦,ينتهي في الثلاثاء، ٤ أغسطس ٢٠٢٦,Safari,2026-08-02 17:23:31,,,,,,0.3005636363636364,0.9092439999999998,0.0532145454545454,0.012428,1.0,f2ad661364e4a293,dccd2266-b1c2-4a4b-83bb-f2cb72f7327c,77.0,80,90.0,,aggregated_bulk_flyer_data_unified_02_08.xlsx,100.0,False,,,,,77.0,86.0,,,,86.0,90.0,,,,,,,,,,,أواني زجاجية,أواني عامة,إبريق,0.85,FUZZY,AR,True,الفئة الناتجة (أواني زجاجية) تخالف خانة الفئة المدخلة (nan) التي توحي بـ «nan»,,,,,,
Safari,ينتهي في الثلاثاء، ٤ أغسطس ٢٠٢٦,,2026-08-02 14:46:55,Foods - chickens and birds,Seara,Seara Frozen Chicken Drumstick 900gm,افخاذ الدجاج,SHOPPING BONANZA,900gm,,10.0,0,AED,,page_8.jpg,flyer_20836,,,83,,,,,,,,,classified_products_v2_final.xlsx,,,,20836,٤ أغسطس ٢٠٢٦,ينتهي في الثلاثاء، ٤ أغسطس ٢٠٢٦,SAFARI,2026-08-02 17:39:34,,,,,,0.023,0.247,0.077,0.011,1.0,21d0d648ec47a8ab,a0a77af9-c09f-4779-b587-cc97249aa514,61.0,83,72.0,,aggregated_bulk_flyer_data_unified_02_08.xlsx,100.0,False,,,,,61.0,76.0,58.0,,83.0,,72.0,,,,,,,,,لحوم ودواجن,,أطعمة -فراخ وطيور,دجاج وأجزاؤه,دجاج,0.773,RULE_FUZZY,AR,False,,,,,,,
Safari,ينتهي في الثلاثاء، ٤ أغسطس ٢٠٢٦,,2026-08-02 14:46:47,Foods - tahini/halva/honey/chocolate spread,,Tahina 500 gm,الطحينه,SHOPPING BONANZA,1 PC,,10.0,0,AED,,page_4.jpg,flyer_20836,,,80,,,,,,,,,classified_products_v2_final.xlsx,,,,20836,٤ أغسطس ٢٠٢٦,ينتهي في الثلاثاء، ٤ أغسطس ٢٠٢٦,Safari,2026-08-02 17:33:28,,,,,2024-08-02,0.171,0.7648,0.0119999999999999,0.0363999999999999,1.0,72bed218eda285b2,effe070d-90c5-4f9d-a9ea-cd102682343d,73.0,80,76.0,,aggregated_bulk_flyer_data_unified_02_08.xlsx,100.0,False,,,,,73.0,79.0,,,87.0,,76.0,,,,,,,,,Deli,,أطعمة -طحينة\حلاوة\عسل\شكولاتة سبريد,أخري,طحينة,0.858,FUZZY,AR,True,الفئة الناتجة (أطعمة -طحينة\حلاوة\عسل\شكولاتة سبريد) تخالف خانة الفئة المدخلة (Deli) التي توحي بـ «أطعمة -لحوم مصنعة وأجبان»,,,,,,
Safari,ينتهي في الثلاثاء، ٤ أغسطس ٢٠٢٦,UAE,2026-08-02 14:46:59,Food - drinks,Cool Sun,Cool Sun Asstd Juice Nas 200mlx10pcs,عصير كول صن,THE LARGEST HYPERMARKET IN UAE,200mlx10pcs,,10.0,0,AED,,page_9.jpg,flyer_20836,,,83,,,,,,,,,classified_products_v2_final.xlsx,,,,20836,٤ أغسطس ٢٠٢٦,ينتهي في الثلاثاء، ٤ أغسطس ٢٠٢٦,Safari,2026-08-02 17:40:04,,,,,,0.525,0.705,0.0719999999999999,0.014,1.0,2e965c7f63824a74,bf5646bd-8e99-4afb-9dab-82c079882617,91.0,83,98.0,,aggregated_bulk_flyer_data_unified_02_08.xlsx,100.0,False,,,,,91.0,94.0,69.0,,94.0,,98.0,,,,,,,,,مشروبات,,أطعمة -مشروبات,عصائر,عصير فاكهة,0.97,RULE_FUZZY,AR,False,,,,,,,
Safari,ينتهي في الثلاثاء، ٤ أغسطس ٢٠٢٦,,2026-08-02 14:47:31,Clothes and shoes,,Infant 2Pcs Set Asstd,فستان اطفال,,,,10.0,0,AED,كمية محدودة,page_29.jpg,flyer_20836,,,82,,,,,,,,,classified_products_v2_final.xlsx,,,,20836,٤ أغسطس ٢٠٢٦,ينتهي في الثلاثاء، ٤ أغسطس ٢٠٢٦,Safari,2026-08-02 17:31:35,,,,,,0.845,0.212,0.08,0.013,1.0,5638c7a3794b1d29,8d2dd3a7-9eaa-4d80-aa26-038f150a98ca,75.0,82,83.0,,aggregated_bulk_flyer_data_unified_02_08.xlsx,100.0,False,,,,,75.0,91.0,,,,,83.0,,,,,,,,,Infant,,ملابس وأحذية,ملابس نسائي,فستان,0.85,FUZZY,AR,False,,,,,,,
Safari,ينتهي في الثلاثاء، ٤ أغسطس ٢٠٢٦,"SAFARI MALL, MUWEILAH, SHARJAH - UAE",2026-08-02 14:46:44,Foods - grains and legumes,RK,RK PALAKKADAN MATTA RICE 5KG,ارز بالكادان ماتا,SHOPPING BONANZA,5KG,15.75,10.15,35,AED,4 DAYS ONLY JUL 30™ TO AUG. 02™ PER CUSTOMER,page_1.jpg,flyer_20836,,,77,,,,,,,,,classified_products_v2_final.xlsx,,,,20836,٤ أغسطس ٢٠٢٦,ينتهي في الثلاثاء، ٤ أغسطس ٢٠٢٦,Safari World Class Shopping Experience,2026-08-02 17:15:02,5.6,,,,2026-08-05,,,,,,6c973210c9d40882,0bdee1b4-a4d4-4de1-95dd-084892926710,,77,50.0,,aggregated_bulk_flyer_data_unified_02_08.xlsx,,False,,,,,,,,,,50.0,,,,,,,,,,أرز وبقوليات,,أطعمة -حبوب وبقوليات,أرز,ارز أبيض,0.97,CATALOG_OVERRIDE,AR,False,,,,,,,
Safari,ينتهي في الثلاثاء، ٤ أغسطس ٢٠٢٦,"SAFARI MALL, MUWEILAH, SHARJAH - UAE",2026-08-02 14:46:44,Skin care and hygiene,Imperial,IMPERIAL CLASSIC SOAP ASSTD. 175GMX6PCS,صابون امبريال,SHOPPING BONANZA,175GMX6PCS,10.75,10.15,5,AED,2 DAYS ONLY AUG. 01ST TO AUG. 02™ PER CUSTOMER,page_1.jpg,flyer_20836,,,77,,,,,,,,,classified_products_v2_final.xlsx,,,,20836,٤ أغسطس ٢٠٢٦,ينتهي في الثلاثاء، ٤ أغسطس ٢٠٢٦,Safari World Class Shopping Experience,2026-08-02 17:15:02,0.6,,,,2026-08-05,0.74,0.6300000000000001,0.108,0.013,1.0,967f44094f8f6d56,0bdee1b4-a4d4-4de1-95dd-084892926710,63.0,77,96.0,96.0,aggregated_bulk_flyer_data_unified_02_08.xlsx,100.0,False,,,,,63.0,82.0,61.0,,88.0,73.0,96.0,,,,,,,,,منظفات,,العناية بالبشرة والنظافة,صابون,صابون يد,0.94,CATALOG_OVERRIDE,AR,True,الفئة الناتجة (العناية بالبشرة والنظافة) تخالف خانة الفئة المدخلة (منظفات) التي توحي بـ «منظفات منزلية»,,,,,,
Safari,ينتهي في الثلاثاء، ٤ أغسطس ٢٠٢٦,UAE,2026-08-02 14:46:59,games,Kwality,Kwality Paneer Cubes 200gm X2pcs,مكعبات بانير كوالتي,THE LARGEST HYPERMARKET IN UAE,200gm X2pcs,,10.25,0,AED,,page_9.jpg,flyer_20836,,,83,,,,,,,,,classified_products_v2_final.xlsx,,,,20836,٤ أغسطس ٢٠٢٦,ينتهي في الثلاثاء، ٤ أغسطس ٢٠٢٦,Safari,2026-08-02 17:40:04,,,,,,0.047,0.243,0.12,0.0139999999999999,1.0,b094c2e19ab44614,bf5646bd-8e99-4afb-9dab-82c079882617,59.0,83,60.0,,aggregated_bulk_flyer_data_unified_02_08.xlsx,100.0,False,,,,,59.0,64.0,61.0,,90.0,,60.0,,,,,,,,,لحوم ودواجن,,ألعاب,ألعاب تعليمية وذكاء,مكعبات,0.884,RULE_FUZZY,AR,True,الفئة الناتجة (ألعاب) تخالف خانة الفئة المدخلة (لحوم ودواجن) التي توحي بـ «أطعمة -فراخ وطيور»,,,,,,
Safari,ينتهي في الثلاثاء، ٤ أغسطس ٢٠٢٦,"SAFARI MALL, MUWEILAH, SHARJAH - UAE",2026-08-02 14:46:44,Foods - grains and legumes,Super Chef,SUPER CHEF WHITE SUGAR 5KG,سكر ابيض,SHOPPING BONANZA,5KG,14.15,10.5,25,AED,4 DAYS ONLY JUL 30™ TO AUG. 02™ PER CUSTOMER,page_1.jpg,flyer_20836,,,77,,,,,,,,,classified_products_v2_final.xlsx,,,,20836,٤ أغسطس ٢٠٢٦,ينتهي في الثلاثاء، ٤ أغسطس ٢٠٢٦,Safari World Class Shopping Experience,2026-08-02 17:15:02,3.65,,,,2026-08-05,0.187,0.725,0.058,0.0130000000000001,1.0,2bf2059a285a4d83,0bdee1b4-a4d4-4de1-95dd-084892926710,63.0,77,84.0,87.0,aggregated_bulk_flyer_data_unified_02_08.xlsx,100.0,False,,,,,63.0,79.0,57.0,,85.0,72.0,84.0,,,,,,,,,أرز وبقوليات,,أطعمة -حبوب وبقوليات,سكر,سكر أبيض,0.85,FUZZY,AR,False,,,,,,,
Safari,ينتهي في الثلاثاء، ٤ أغسطس ٢٠٢٦,,2026-08-02 14:47:10,Foods - Spices,Shan,Shan Ginger Garlic Paste 700Gm,معجون زنجبيل وثوم,SHOPPING BONANZA,700Gm,,10.5,0,AED,,page_14.jpg,flyer_20836,,,87,,,,,,,,,classified_products_v2_final.xlsx,,,,20836,٤ أغسطس ٢٠٢٦,ينتهي في الثلاثاء، ٤ أغسطس ٢٠٢٦,Safari,2026-08-02 17:21:08,,,,,,0.74205,0.234052,0.10961,0.012444,1.0,5272f170c974a30b,254fd345-d06c-4646-8ffa-bb4bb46b2b95,67.0,87,84.0,,aggregated_bulk_flyer_data_unified_02_08.xlsx,100.0,False,,,,,67.0,85.0,91.0,,98.0,,84.0,,,,,,,,,خضروات وفاكهة,,أطعمة -توابل,بهارات مطحونة,زنجبيل,0.869,CATALOG_OVERRIDE,AR,True,الفئة الناتجة (أطعمة -توابل) تخالف خانة الفئة المدخلة (خضروات وفاكهة) التي توحي بـ «أطعمة -فواكه وخضروات»,,,,,,
Safari,ينتهي في الثلاثاء، ٤ أغسطس ٢٠٢٦,,2026-08-02 14:46:55,Frozen foods,Unikai,Unikai Ice Cream Assorted 1ltr+1ltr Free,ايس كريم يونيكاي,SHOPPING BONANZA,1ltr+1ltr Free,,10.75,0,AED,,page_8.jpg,flyer_20836,,,83,,,,,,,,,classified_products_v2_final.xlsx,,,,20836,٤ أغسطس ٢٠٢٦,ينتهي في الثلاثاء، ٤ أغسطس ٢٠٢٦,SAFARI,2026-08-02 17:39:34,,,,,,0.275,0.68,0.103,0.0099999999999999,1.0,290e716dd73d919b,a0a77af9-c09f-4779-b587-cc97249aa514,73.0,83,97.0,,aggregated_bulk_flyer_data_unified_02_08.xlsx,100.0,False,,,,,73.0,89.0,71.0,,91.0,,97.0,,,,,,,,,,,أطعمة مجمدة,آيس كريم,آيس كريم,0.85,FUZZY,AR,True,الفئة الناتجة (أطعمة مجمدة) تخالف خانة الفئة المدخلة (nan) التي توحي بـ «nan»,,,,,,
Safari,ينتهي في الثلاثاء، ٤ أغسطس ٢٠٢٦,UAE,2026-08-02 14:46:59,Foods - eggs,Royal,Royal Egg 30's,بيض ابيض رويال,THE LARGEST HYPERMARKET IN UAE,30's,,10.75,0,AED,,page_9.jpg,flyer_20836,,,83,,,,,,,,,classified_products_v2_final.xlsx,,,,20836,٤ أغسطس ٢٠٢٦,ينتهي في الثلاثاء، ٤ أغسطس ٢٠٢٦,Safari,2026-08-02 17:40:04,,,,,,0.047,0.705,0.088,0.014,1.0,1da1d67c054c4c10,bf5646bd-8e99-4afb-9dab-82c079882617,70.0,83,84.0,,aggregated_bulk_flyer_data_unified_02_08.xlsx,100.0,False,,,,,70.0,91.0,72.0,,96.0,,84.0,,,,,,,,,,,أطعمة -بيض,بيض,بيض ابيض,0.85,FUZZY,AR,True,الفئة الناتجة (أطعمة -بيض) تخالف خانة الفئة المدخلة (nan) التي توحي بـ «nan»,,,,,,
Safari,ينتهي في الثلاثاء، ٤ أغسطس ٢٠٢٦,,2026-08-02 14:46:45,Food - drinks,,Pomegranate India,رمان الهند,SHOPPING BONANZA,1kg,,10.75,0,AED,3 DAYS ONLY JULY 30TH TO AUG 01ST,page_2.jpg,flyer_20836,,,85,,,,,,,,,classified_products_v2_final.xlsx,,,,20836,٤ أغسطس ٢٠٢٦,ينتهي في الثلاثاء، ٤ أغسطس ٢٠٢٦,Safari,2026-08-02 17:23:19,,,,,2024-08-02,0.5480963636363637,0.9038586666666664,0.0579818181818181,0.0100426666666667,1.0,5a9af625f05c2cd1,33306d0b-8dae-40f8-b438-08e87882f923,80.0,85,84.0,,aggregated_bulk_flyer_data_unified_02_08.xlsx,100.0,False,,,,,80.0,95.0,,,98.0,,84.0,,,,,,,,,,,أطعمة -مشروبات,عصائر,عصير رمّان,0.744,FUZZY,AR_FULL+PROMO+EN,True,الفئة الناتجة (أطعمة -مشروبات) تخالف خانة الفئة المدخلة (nan) التي توحي بـ «nan»,,,,,,
Safari,ينتهي في الثلاثاء، ٤ أغسطس ٢٠٢٦,,2026-08-02 14:47:17,Personal care,Dorall Collection,Dorall Collection Lion/Super Cobra/Scarlet Love Edt 100MI+Deo 150MI,عطر دورال,Perfume Fest,100MI+Deo 150MI,,10.75,0,AED,,page_18.jpg,flyer_20836,,,86,,,,,,,,,classified_products_v2_final.xlsx,,,,20836,٤ أغسطس ٢٠٢٦,ينتهي في الثلاثاء، ٤ أغسطس ٢٠٢٦,Safari,2026-08-02 17:19:14,,,,,,0.0194363636363636,0.7691666666666667,0.0563654545454545,0.0098346666666666,1.0,7c969a3c9af56779,f6a77c35-1854-42c3-9e4f-35183fbf91ef,78.0,86,88.0,,aggregated_bulk_flyer_data_unified_02_08.xlsx,100.0,False,,,,,78.0,77.0,88.0,,87.0,,88.0,,,,,,,,,Perfume Set,,العناية الشخصية,عطور ومزيلات,عطر,1.0,RULE,AR,False,,,,,,,
Safari,ينتهي في الثلاثاء، ٤ أغسطس ٢٠٢٦,,2026-08-02 14:47:10,Foods - Spices,American Garden,American Garden Sliced Jalapenos 16oz / Yellow Mustard Squeeze 14oz - 1Pc,مسترده صفراء /هالابينو شرايح,SHOPPING BONANZA,1Pc,,10.75,0,AED,,page_14.jpg,flyer_20836,,,87,,,,,,,,,classified_products_v2_final.xlsx,,,,20836,٤ أغسطس ٢٠٢٦,ينتهي في الثلاثاء، ٤ أغسطس ٢٠٢٦,Safari,2026-08-02 17:21:08,,,,,,0.5141,0.46024,0.1600499999999999,0.012444,1.0,50b460885c74bc1f,254fd345-d06c-4646-8ffa-bb4bb46b2b95,79.0,87,95.0,,aggregated_bulk_flyer_data_unified_02_08.xlsx,100.0,False,,,,,79.0,87.0,99.0,,93.0,,95.0,,,,,,,,,,,أطعمة -توابل,بهارات وتوابل,خردل,1.0,RULE,AR,False,,,,,,,
Safari,ينتهي في الثلاثاء، ٤ أغسطس ٢٠٢٦,,2026-08-02 14:46:55,Foods - chickens and birds,Seara,Seara Frozen Whole Leg 900gm,افخاذ دجاج كامله,SHOPPING BONANZA,900gm,,11.0,0,AED,,page_8.jpg,flyer_20836,,,83,,,,,,,,,classified_products_v2_final.xlsx,,,,20836,٤ أغسطس ٢٠٢٦,ينتهي في الثلاثاء، ٤ أغسطس ٢٠٢٦,SAFARI,2026-08-02 17:39:34,,,,,,0.502,0.24,0.0979999999999999,0.011,1.0,5a874d18642e94ea,a0a77af9-c09f-4779-b587-cc97249aa514,63.0,83,87.0,,aggregated_bulk_flyer_data_unified_02_08.xlsx,100.0,False,,,,,63.0,84.0,63.0,,94.0,,87.0,,,,,,,,,لحوم ودواجن,,أطعمة -فراخ وطيور,دجاج وأجزاؤه,دجاج كامل,0.75,RULE_FUZZY,AR,False,,,,,,,
Safari,ينتهي في الثلاثاء، ٤ أغسطس ٢٠٢٦,"SAFARI MALL, MUWEILAH, SHARJAH - UAE",2026-08-02 14:46:44,Food - drinks,Lipton,LIPTON YELLOW LABEL TEA POWDER 400GM,شاي ليبتون,SHOPPING BONANZA,400GM,11.15,11.0,1,AED,4 DAYS ONLY JUL 30™ TO AUG. 02™ PER CUSTOMER,page_1.jpg,flyer_20836,,,77,,,,,,,,,classified_products_v2_final.xlsx,,,,20836,٤ أغسطس ٢٠٢٦,ينتهي في الثلاثاء، ٤ أغسطس ٢٠٢٦,Safari World Class Shopping Experience,2026-08-02 17:15:02,0.15,,,,2026-08-05,,,,,,e505a043590cbbc5,0bdee1b4-a4d4-4de1-95dd-084892926710,,77,,,aggregated_bulk_flyer_data_unified_02_08.xlsx,,False,,,,,,,,,,,,,,,,,,,,,,أطعمة -مشروبات,شاي,شاي أسود,0.97,RULE_FUZZY,AR,True,الفئة الناتجة (أطعمة -مشروبات) تخالف خانة الفئة المدخلة (nan) التي توحي بـ «nan»,,,,,,
Safari,ينتهي في الثلاثاء، ٤ أغسطس ٢٠٢٦,UAE,2026-08-02 14:46:59,Foods - dairy products,Puck,Puck Slice Cheddar Cheese 200gm X2pcs,شرايح جبنه باك,THE LARGEST HYPERMARKET IN UAE,200gm X2pcs,,11.0,0,AED,,page_9.jpg,flyer_20836,,,83,,,,,,,,,classified_products_v2_final.xlsx,,,,20836,٤ أغسطس ٢٠٢٦,ينتهي في الثلاثاء، ٤ أغسطس ٢٠٢٦,Safari,2026-08-02 17:40:04,,,,,,0.765,0.488,0.0719999999999999,0.014,1.0,a4f26d13ae77200b,bf5646bd-8e99-4afb-9dab-82c079882617,82.0,83,98.0,,aggregated_bulk_flyer_data_unified_02_08.xlsx,100.0,False,,,,,82.0,92.0,69.0,,100.0,,98.0,,,,,,,,,ألبان وأجبان,,أطعمة -الألبان ومنتجاتها,أجبان,جبن رومي,0.721,FUZZY,AR,False,,,,,,,
Safari,ينتهي في الثلاثاء، ٤ أغسطس ٢٠٢٦,"SAFARI MALL, MUWEILAH, SHARJAH - UAE",2026-08-02 14:46:44,Foods - dairy products,Lacnor,LACNOR UHT FULL CREAM MILK 1LTRX4PCS,حليب كامل الدسم,SHOPPING BONANZA,1LTRX4PCS,11.75,11.15,5,AED,4 DAYS ONLY JUL 30™ TO AUG. 02™ PER CUSTOMER,page_1.jpg,flyer_20836,,,77,,,,,,,,,classified_products_v2_final.xlsx,,,,20836,٤ أغسطس ٢٠٢٦,ينتهي في الثلاثاء، ٤ أغسطس ٢٠٢٦,Safari World Class Shopping Experience,2026-08-02 17:15:02,0.6,,,,2026-08-05,,,,,,b7a80edcaaf452ad,0bdee1b4-a4d4-4de1-95dd-084892926710,,77,,,aggregated_bulk_flyer_data_unified_02_08.xlsx,,False,,,,,,,,,,,,,,,,,,,,ألبان وأجبان,,أطعمة -الألبان ومنتجاتها,حليب ومشتقاته,حليب كامل الدسم,1.0,RULE,AR,False,,,,,,,
Safari,ينتهي في الثلاثاء، ٤ أغسطس ٢٠٢٦,"SAFARI MALL, MUWEILAH, SHARJAH - UAE",2026-08-02 14:46:44,Foods - chickens and birds,,FRESH CHICKEN 1KG,طازج دجاج,SHOPPING BONANZA,1KG,11.75,11.15,5,AED,2 DAYS ONLY JUL 30™ TO AUG. 01ST PER CUSTOMER,page_1.jpg,flyer_20836,,,77,,,,,,,,,classified_products_v2_final.xlsx,,,,20836,٤ أغسطس ٢٠٢٦,ينتهي في الثلاثاء، ٤ أغسطس ٢٠٢٦,Safari World Class Shopping Experience,2026-08-02 17:15:02,0.6,,,,2026-08-05,0.3,0.855,0.058,0.0130000000000001,1.0,9d73876ce5a11a18,0bdee1b4-a4d4-4de1-95dd-084892926710,70.0,77,95.0,94.0,aggregated_bulk_flyer_data_unified_02_08.xlsx,100.0,False,,,,,70.0,86.0,,62.0,94.0,85.0,95.0,,,,,,,,,Meat,,أطعمة -فراخ وطيور,دجاج وأجزاؤه,أجنحة دجاج,0.793,FUZZY,EN,True,الفئة الناتجة (أطعمة -فراخ وطيور) تخالف خانة الفئة المدخلة (Meat) التي توحي بـ «أطعمة -لحوم طازجة»,,,,,,
Safari,ينتهي في الثلاثاء، ٤ أغسطس ٢٠٢٦,,2026-08-02 14:46:55,Foods - processed meats and cheeses,Al Taam,Al Taam Chicken Burger 1000gm,برجر دجاج,SHOPPING BONANZA,1000gm,,11.75,0,AED,,page_8.jpg,flyer_20836,,,83,,,,,,,,,classified_products_v2_final.xlsx,,,,20836,٤ أغسطس ٢٠٢٦,ينتهي في الثلاثاء، ٤ أغسطس ٢٠٢٦,SAFARI,2026-08-02 17:39:34,,,,,,0.742,0.245,0.0579999999999999,0.01,1.0,6541cdb64a9e3645,a0a77af9-c09f-4779-b587-cc97249aa514,70.0,83,91.0,,aggregated_bulk_flyer_data_unified_02_08.xlsx,100.0,False,,,,,70.0,92.0,66.0,,97.0,,91.0,,,,,,,,,لحوم ودواجن,,أطعمة -لحوم مصنعة وأجبان,برجر وكفتة,برجر دجاج,0.97,CATALOG_OVERRIDE,AR,True,الفئة الناتجة (أطعمة -لحوم مصنعة وأجبان) تخالف خانة الفئة المدخلة (لحوم ودواجن) التي توحي بـ «أطعمة -فراخ وطيور»,,,,,,
Safari,ينتهي في الثلاثاء، ٤ أغسطس ٢٠٢٦,"SAFARI MALL, MUWEILAH, SHARJAH - UAE",2026-08-02 14:46:44,Foods - processed meats and cheeses,Al Islami,AL ISLAMI CHICKEN /BEEF SHEESH KABAB 280GMX2PCS,شيش كباب دجاج/لحم,SHOPPING BONANZA,280GMX2PCS,15.15,11.75,22,AED,4 DAYS ONLY JUL 30™ TO AUG. 02™ PER CUSTOMER,page_1.jpg,flyer_20836,,,77,,,,,,,,,classified_products_v2_final.xlsx,,,,20836,٤ أغسطس ٢٠٢٦,ينتهي في الثلاثاء، ٤ أغسطس ٢٠٢٦,Safari World Class Shopping Experience,2026-08-02 17:15:02,3.4,,,,2026-08-05,0.5677400000000001,0.8563226666666666,0.1303363636363636,0.010664,1.0,d476edef18b2e778,0bdee1b4-a4d4-4de1-95dd-084892926710,60.0,77,70.0,62.0,aggregated_bulk_flyer_data_unified_02_08.xlsx,100.0,False,,,,,60.0,67.0,60.0,,80.0,67.0,70.0,,,,,,,,,لحوم ودواجن,,أطعمة -لحوم مصنعة وأجبان,لانشون ومورتاديلا,لانشون,0.748,CATALOG_OVERRIDE,EN,True,الفئة الناتجة (أطعمة -لحوم مصنعة وأجبان) تخالف خانة الفئة المدخلة (لحوم ودواجن) التي توحي بـ «أطعمة -فراخ وطيور»,,,,,,
Safari,ينتهي في الثلاثاء، ٤ أغسطس ٢٠٢٦,,2026-08-02 14:47:10,Foods - sauces and spices,Heinz,Heinz Mayonnaise Classic 940Gm,كلاسيك مايونيز,SHOPPING BONANZA,940Gm,,11.75,0,AED,,page_14.jpg,flyer_20836,,,87,,,,,,,,,classified_products_v2_final.xlsx,,,,20836,٤ أغسطس ٢٠٢٦,ينتهي في الثلاثاء، ٤ أغسطس ٢٠٢٦,Safari,2026-08-02 17:21:08,,,,,,0.5141,0.234052,0.0892399999999999,0.012444,1.0,b9e7ae154b0b9e10,254fd345-d06c-4646-8ffa-bb4bb46b2b95,64.0,87,81.0,,aggregated_bulk_flyer_data_unified_02_08.xlsx,100.0,False,,,,,64.0,87.0,93.0,,93.0,,81.0,,,,,,,,,توابل وبهارات,,أطعمة -صلصات وبهارات,صلصات غربية,مايونيز,1.0,RULE,AR,False,,,,,,,
Safari,ينتهي في الثلاثاء، ٤ أغسطس ٢٠٢٦,UAE,2026-08-02 14:46:59,Foods - dairy products,Marmum,Marmum Shredded Mozzarella 200Gmx2pcs,موزاريلا مبشوره من مارموم,THE LARGEST HYPERMARKET IN UAE,200Gmx2pcs,,11.75,0,AED,,page_9.jpg,flyer_20836,,,83,,,,,,,,,classified_products_v2_final.xlsx,,,,20836,٤ أغسطس ٢٠٢٦,ينتهي في الثلاثاء، ٤ أغسطس ٢٠٢٦,Safari,2026-08-02 17:40:04,,,,,,0.525,0.243,0.155,0.0139999999999999,1.0,a9b53dbd33d4dbf3,bf5646bd-8e99-4afb-9dab-82c079882617,74.0,83,85.0,,aggregated_bulk_flyer_data_unified_02_08.xlsx,100.0,False,,,,,74.0,85.0,69.0,,96.0,,85.0,,,,,,,,,خضروات وفاكهة,,أطعمة -الألبان ومنتجاتها,أجبان,جبن موتزاريلا,0.899,FUZZY,AR,True,الفئة الناتجة (أطعمة -الألبان ومنتجاتها) تخالف خانة الفئة المدخلة (خضروات وفاكهة) التي توحي بـ «أطعمة -فواكه وخضروات»,,,,,,
Safari,ينتهي في الثلاثاء، ٤ أغسطس ٢٠٢٦,,2026-08-02 14:46:53,,Buenmozo,Buenmozo SS Pressure Puttu Maker,Buenmozo SS Pressure Puttu Maker,Puttu Fest,,18.0,12.0,33,AED,,page_7.jpg,flyer_20836,,,79,,,,,,,,,classified_products_v2_final.xlsx,,,,20836,٤ أغسطس ٢٠٢٦,ينتهي في الثلاثاء، ٤ أغسطس ٢٠٢٦,Safari,2026-08-02 17:34:54,,,,,,0.855690909090909,0.82997,0.1147636363636365,0.0190600000000001,1.0,17c2677fe3f30be4,7b1e9d2e-9d8d-4f15-926d-6eb3fd60cda1,74.0,79,96.0,,aggregated_bulk_flyer_data_unified_02_08.xlsx,100.0,False,,,,,,74.0,94.0,,,95.0,96.0,,,,,,,,,,,,,,0.15,OCR_ONLY,OCR+EN,True,,,,,,,
Safari,ينتهي في الثلاثاء، ٤ أغسطس ٢٠٢٦,,2026-08-02 14:46:53,,Buenmozo,Buenmozo SS Chiratta Puttu Maker,Buenmozo SS Chiratta Puttu Maker,Puttu Fest,,18.0,12.0,33,AED,,page_7.jpg,flyer_20836,,,79,,,,,,,,,classified_products_v2_final.xlsx,,,,20836,٤ أغسطس ٢٠٢٦,ينتهي في الثلاثاء، ٤ أغسطس ٢٠٢٦,Safari,2026-08-02 17:34:54,,,,,,0.1604145454545455,0.965296,0.1750145454545454,0.0101653333333333,1.0,a3f5a42cd76e3801,7b1e9d2e-9d8d-4f15-926d-6eb3fd60cda1,71.0,79,95.0,,aggregated_bulk_flyer_data_unified_02_08.xlsx,100.0,False,,,,,,71.0,90.0,,,82.0,95.0,,,,,,,,,,,,,,0.15,OCR_ONLY,OCR+EN,True,,,,,,,
Safari,ينتهي في الثلاثاء، ٤ أغسطس ٢٠٢٦,,2026-08-02 14:47:36,Bags and accessories,,Ladies Hand Shoulder Bag Asstd.,Ladies Hand Shoulder Bag Asstd.,SAFARI BONVOY BAGGAGE EXPO 2026,,,12.0,0,AED,,page_33.jpg,flyer_20836,,,74,,,,,,,,,classified_products_v2_final.xlsx,,,,20836,٤ أغسطس ٢٠٢٦,ينتهي في الثلاثاء، ٤ أغسطس ٢٠٢٦,Safari,2026-08-02 17:31:13,,,,,,0.4741454545454545,0.352264,0.1560000000000001,0.009864,1.0,45646603c5da33ff,04f126e8-a247-4f60-8006-8a00553fff47,72.0,74,79.0,,aggregated_bulk_flyer_data_unified_02_08.xlsx,100.0,False,,,,,,72.0,,,,,79.0,,,,,,,,,Bags,,شنط واكسسوارات,,,0.15,OCR_ONLY,OCR+EN,True,,,,,,,
Safari,ينتهي في الثلاثاء، ٤ أغسطس ٢٠٢٦,,2026-08-02 14:47:31,Clothes and shoes,,Infant R/Neck T Shirt Asstd,تي شيرت للاطفال,,,,12.0,0,AED,كمية محدودة,page_29.jpg,flyer_20836,,,82,,,,,,,,,classified_products_v2_final.xlsx,,,,20836,٤ أغسطس ٢٠٢٦,ينتهي في الثلاثاء، ٤ أغسطس ٢٠٢٦,Safari,2026-08-02 17:31:35,,,,,,0.551,0.212,0.0989999999999999,0.013,1.0,3add7a6cba5033df,8d2dd3a7-9eaa-4d80-aa26-038f150a98ca,69.0,82,80.0,,aggregated_bulk_flyer_data_unified_02_08.xlsx,100.0,False,,,,,69.0,89.0,,,,,80.0,,,,,,,,,Infant,,ملابس وأحذية,ملابس عامة,تي شيرت,0.95,FUZZY,AR,False,,,,,,,
Safari,ينتهي في الثلاثاء، ٤ أغسطس ٢٠٢٦,,2026-08-02 14:47:39,Mobile and computer devices,Tajrobeh,Tajrobeh ITech Kids Watch Asstd.,ساعه اطفال,SHOPPING BONANZA,,19.0,12.0,36,AED,,page_36.jpg,flyer_20836,,,80,,,,,,,,,classified_products_v2_final.xlsx,,,,20836,٤ أغسطس ٢٠٢٦,ينتهي في الثلاثاء، ٤ أغسطس ٢٠٢٦,Safari,2026-08-02 17:33:25,7.0,,,,,0.491,0.9000000000000001,0.058,0.01,1.0,281cfef395f89ba8,a753964a-fc06-4c86-8739-442c82f7815e,81.0,80,99.0,,aggregated_bulk_flyer_data_unified_02_08.xlsx,100.0,False,,,,,81.0,87.0,73.0,,,91.0,99.0,,,,,,,,,Watch,,أجهزة موبايل وكمبيوتر,أجهزة ذكية ومحمول,ساعة ذكية,0.572,FUZZY,AR,True,,,,,,,
Safari,ينتهي في الثلاثاء، ٤ أغسطس ٢٠٢٦,,2026-08-02 14:47:31,Baby (supplies),,Infant Mosquito Bed Asstd,سرير ناموس للاطفال,,,,12.0,0,AED,كمية محدودة,page_29.jpg,flyer_20836,,,82,,,,,,,,,classified_products_v2_final.xlsx,,,,20836,٤ أغسطس ٢٠٢٦,ينتهي في الثلاثاء، ٤ أغسطس ٢٠٢٦,Safari,2026-08-02 17:31:35,,,,,,0.063,0.6450000000000001,0.099,0.013,1.0,c97a8388801ba872,8d2dd3a7-9eaa-4d80-aa26-038f150a98ca,73.0,82,82.0,,aggregated_bulk_flyer_data_unified_02_08.xlsx,100.0,False,,,,,73.0,84.0,,,,,82.0,,,,,,,,,Infant,,البيبي (مستلزمات),رضع وحديثو الولادة,سرير للأطفال,0.523,FUZZY,AR,True,,,,,,,
Safari,ينتهي في الثلاثاء، ٤ أغسطس ٢٠٢٦,SHARJAH - UAE,2026-08-02 14:47:32,Clothes and shoes,Flite,Flite Mens Clogs Asstd,قباقيب فلايت الرجاليه,Footwear Offers,,,12.0,0,AED,,page_30.jpg,flyer_20836,,,83,,,,,,,,,classified_products_v2_final.xlsx,,,,20836,٤ أغسطس ٢٠٢٦,ينتهي في الثلاثاء، ٤ أغسطس ٢٠٢٦,SAFARI,2026-08-02 17:29:05,,,,,,0.675,0.452,0.16,0.019,1.0,a2b24b567a105915,e946d76c-1434-4c83-8f0b-c01e29340df2,85.0,83,92.0,,aggregated_bulk_flyer_data_unified_02_08.xlsx,100.0,False,,,,,85.0,91.0,69.0,,,,92.0,,,,,,,,,Footwear,,ملابس وأحذية,,,0.15,OCR_ONLY,OCR+EN,True,,,,,,,
Safari,ينتهي في الثلاثاء، ٤ أغسطس ٢٠٢٦,,2026-08-02 14:46:47,Food - fresh meat,,Pakistan Beef With Bone,لحم بقري باكستاني بالعظم,SHOPPING BONANZA,500 GM,,12.0,0,AED,,page_4.jpg,flyer_20836,,,80,,,,,,,,,classified_products_v2_final.xlsx,,,,20836,٤ أغسطس ٢٠٢٦,ينتهي في الثلاثاء، ٤ أغسطس ٢٠٢٦,Safari,2026-08-02 17:33:28,,,,,2024-08-02,0.022,0.4750000000000001,0.163,0.0119999999999999,1.0,9c3f25710eba9c10,effe070d-90c5-4f9d-a9ea-cd102682343d,67.0,80,71.0,,aggregated_bulk_flyer_data_unified_02_08.xlsx,100.0,False,,,,,67.0,80.0,,,87.0,,71.0,,,,,,,,,Meat,,أطعمة -لحوم طازجة,لحوم كندوز وبتلو,لحم بتلو,0.97,CATALOG_OVERRIDE,AR,False,,,,,,,
Safari,ينتهي في الثلاثاء، ٤ أغسطس ٢٠٢٦,,2026-08-02 14:47:24,Kitchen (cooking utensils),Senso,Senso Cutting Board,لوح تقطيع الخضروات,SHOPPING BONANZA,,24.0,12.0,50,AED,,page_22.jpg,flyer_20836,,,80,,,,,,,,,classified_products_v2_final.xlsx,,,,20836,٤ أغسطس ٢٠٢٦,ينتهي في الثلاثاء، ٤ أغسطس ٢٠٢٦,Safari,2026-08-02 17:23:31,,,,,,0.73712,0.478088,0.1152981818181818,0.012428,1.0,efe7ef820cc23625,dccd2266-b1c2-4a4b-83bb-f2cb72f7327c,77.0,80,93.0,,aggregated_bulk_flyer_data_unified_02_08.xlsx,100.0,False,,,,,77.0,80.0,68.0,,,83.0,93.0,,,,,,,,,,,مطبخ (أدوات طهي),أدوات تقطيع,لوح تقطيع,0.85,FUZZY,AR,True,الفئة الناتجة (مطبخ (أدوات طهي)) تخالف خانة الفئة المدخلة (nan) التي توحي بـ «nan»,,,,,,
Safari,ينتهي في الثلاثاء، ٤ أغسطس ٢٠٢٦,,2026-08-02 14:46:47,Foods - chickens and birds,Al Wadi,Al Wadi Roast Turkey,الوادي ديك رومي مشوي,SHOPPING BONANZA,250 GM,,12.5,0,AED,,page_4.jpg,flyer_20836,,,80,,,,,,,,,classified_products_v2_final.xlsx,,,,20836,٤ أغسطس ٢٠٢٦,ينتهي في الثلاثاء، ٤ أغسطس ٢٠٢٦,Safari,2026-08-02 17:33:28,,,,,2024-08-02,0.737,0.4750000000000001,0.137,0.0119999999999999,1.0,52b29a5354ec8503,effe070d-90c5-4f9d-a9ea-cd102682343d,86.0,80,89.0,,aggregated_bulk_flyer_data_unified_02_08.xlsx,100.0,False,,,,,86.0,85.0,77.0,,95.0,,89.0,,,,,,,,,Deli,,أطعمة -فراخ وطيور,طيور أخرى,ديك رومي,1.0,RULE,AR,False,,,,,,,
Safari,ينتهي في الثلاثاء، ٤ أغسطس ٢٠٢٦,,2026-08-02 14:47:17,Air freshener,Hamidi,Hamidi Sheikha Bakhoor Asstd 70Gm-1Pc,بخور,Perfume Fest,70Gm-1Pc,,12.5,0,AED,,page_18.jpg,flyer_20836,,,86,,,,,,,,,classified_products_v2_final.xlsx,,,,20836,٤ أغسطس ٢٠٢٦,ينتهي في الثلاثاء، ٤ أغسطس ٢٠٢٦,Safari,2026-08-02 17:19:14,,,,,,0.7414972727272727,0.9627866666666666,0.0291545454545454,0.0098346666666667,1.0,2dfe4d259f0d9a13,f6a77c35-1854-42c3-9e4f-35183fbf91ef,90.0,86,100.0,,aggregated_bulk_flyer_data_unified_02_08.xlsx,100.0,False,,,,,90.0,93.0,96.0,,95.0,,100.0,,,,,,,,,Bakhoor,,تعطير الجو,بخور,بخور,0.85,FUZZY,AR,False,,,,,,,
Safari,ينتهي في الثلاثاء، ٤ أغسطس ٢٠٢٦,"SAFARI MALL, MUWEILAH, SHARJAH - UAE",2026-08-02 14:46:44,Foods - chickens and birds,Sadia,SADIA CHICKEN GRILLER 1200GM,ساديا دجاج مجمد,SHOPPING BONANZA,1200GM,14.15,12.5,11,AED,4 DAYS ONLY JUL 30™ TO AUG. 02™ PER CUSTOMER,page_1.jpg,flyer_20836,,,77,,,,,,,,,classified_products_v2_final.xlsx,,,,20836,٤ أغسطس ٢٠٢٦,ينتهي في الثلاثاء، ٤ أغسطس ٢٠٢٦,Safari World Class Shopping Experience,2026-08-02 17:15:02,1.65,,,,2026-08-05,0.378,0.698,0.162,0.013,1.0,749ecad1e938c03e,0bdee1b4-a4d4-4de1-95dd-084892926710,60.0,77,79.0,96.0,aggregated_bulk_flyer_data_unified_02_08.xlsx,100.0,False,,,,,60.0,87.0,55.0,,87.0,89.0,79.0,,,,,,,,,لحوم ودواجن,,أطعمة -فراخ وطيور,دجاج وأجزاؤه,دجاج كامل,0.97,CATALOG_OVERRIDE,AR,False,,,,,,,
Safari,ينتهي في الثلاثاء، ٤ أغسطس ٢٠٢٦,,2026-08-02 14:46:55,Frozen foods,Al Islami,Al Islami Frozen Strawberry 400gmx3pcs,الفاويه المجمده الاسلاميه,SHOPPING BONANZA,400gmx3pcs,,12.75,0,AED,,page_8.jpg,flyer_20836,,,83,,,,,,,,,classified_products_v2_final.xlsx,,,,20836,٤ أغسطس ٢٠٢٦,ينتهي في الثلاثاء، ٤ أغسطس ٢٠٢٦,SAFARI,2026-08-02 17:39:34,,,,,,0.023,0.902,0.145,0.0100000000000001,1.0,d5746eed6805cc35,a0a77af9-c09f-4779-b587-cc97249aa514,73.0,83,94.0,,aggregated_bulk_flyer_data_unified_02_08.xlsx,100.0,False,,,,,73.0,97.0,83.0,,99.0,,94.0,,,,,,,,,مجمدات,,أطعمة مجمدة,فواكه مجمدة,توت مجمد,0.69,RULE_FUZZY,EN+OCR,True,,,,,,,
Safari,ينتهي في الثلاثاء، ٤ أغسطس ٢٠٢٦,,2026-08-02 14:47:17,Personal care,Fa,Fa Deo Spray Asstd 150Mlx2Pcs,بخاخ مزيل العرق,Perfume Fest,150Mlx2Pcs,,12.75,0,AED,,page_18.jpg,flyer_20836,,,86,,,,,,,,,classified_products_v2_final.xlsx,,,,20836,٤ أغسطس ٢٠٢٦,ينتهي في الثلاثاء، ٤ أغسطس ٢٠٢٦,Safari,2026-08-02 17:19:14,,,,,,0.7414972727272727,0.7691666666666667,0.086491818181818,0.0098346666666666,1.0,4996b6cb84fb40b3,f6a77c35-1854-42c3-9e4f-35183fbf91ef,82.0,86,99.0,,aggregated_bulk_flyer_data_unified_02_08.xlsx,100.0,False,,,,,82.0,90.0,94.0,,93.0,,99.0,,,,,,,,,Deodorant,,العناية الشخصية,مزيل عرق,مزيل عرق,0.921,FUZZY,AR,False,,,,,,,
Safari,ينتهي في الثلاثاء، ٤ أغسطس ٢٠٢٦,,2026-08-02 14:47:10,Food - baked goods and sweets,American Garden,American Garden Bread Crumbs 15ozx2Pcs,بقسماط امريكان جاردن,SHOPPING BONANZA,15ozx2Pcs,,12.75,0,AED,,page_14.jpg,flyer_20836,,,87,,,,,,,,,classified_products_v2_final.xlsx,,,,20836,٤ أغسطس ٢٠٢٦,ينتهي في الثلاثاء، ٤ أغسطس ٢٠٢٦,Safari,2026-08-02 17:21:08,,,,,,0.26287,0.46024,0.12513,0.012444,1.0,0dbe11f80c6dd860,254fd345-d06c-4646-8ffa-bb4bb46b2b95,74.0,87,96.0,,aggregated_bulk_flyer_data_unified_02_08.xlsx,100.0,False,,,,,74.0,88.0,94.0,,96.0,,96.0,,,,,,,,,,,أطعمة -مخبوزات وحلويات,معجنات وفطائر,بقسماط,0.85,FUZZY,AR,True,الفئة الناتجة (أطعمة -مخبوزات وحلويات) تخالف خانة الفئة المدخلة (nan) التي توحي بـ «nan»,,,,,,
Safari,ينتهي في الثلاثاء، ٤ أغسطس ٢٠٢٦,,2026-08-02 14:47:10,Foods - Spices,Mama Sita's,Mama Sita's Pinapaitan Bitter Stew Mix 40Gmx4Pcs,خلطات توابل ماما سيتا,SHOPPING BONANZA,40Gmx4Pcs,,12.75,0,AED,,page_14.jpg,flyer_20836,,,87,,,,,,,,,classified_products_v2_final.xlsx,,,,20836,٤ أغسطس ٢٠٢٦,ينتهي في الثلاثاء، ٤ أغسطس ٢٠٢٦,Safari,2026-08-02 17:21:08,,,,,,0.02716,0.46024,0.12319,0.012444,1.0,23744b8bb9df8e1a,254fd345-d06c-4646-8ffa-bb4bb46b2b95,58.0,87,84.0,,aggregated_bulk_flyer_data_unified_02_08.xlsx,100.0,False,,,,,58.0,79.0,87.0,,95.0,,84.0,,,,,,,,,,,أطعمة -توابل,خلطات جاهزة,خلطات الطبخ,0.917,CATALOG_OVERRIDE,AR,True,الفئة الناتجة (أطعمة -توابل) تخالف خانة الفئة المدخلة (nan) التي توحي بـ «nan»,,,,,,
Safari,ينتهي في الثلاثاء، ٤ أغسطس ٢٠٢٦,,2026-08-02 14:46:47,Foods - oils and fats,,Syrian Olive Oil,زيت الزيتون السوري,SHOPPING BONANZA,1 PC,,12.75,0,AED,,page_4.jpg,flyer_20836,,,80,,,,,,,,,classified_products_v2_final.xlsx,,,,20836,٤ أغسطس ٢٠٢٦,ينتهي في الثلاثاء، ٤ أغسطس ٢٠٢٦,Safari,2026-08-02 17:33:28,,,,,2024-08-02,0.029,0.7952,0.013,0.0791999999999999,1.0,80c6bea5a8d860de,effe070d-90c5-4f9d-a9ea-cd102682343d,67.0,80,79.0,,aggregated_bulk_flyer_data_unified_02_08.xlsx,100.0,False,,,,,67.0,72.0,,,72.0,,79.0,,,,,,,,,Deli,,أطعمة -زيوت ودهون,زيوت نباتية,زيت زيتون,0.95,FUZZY,AR,True,الفئة الناتجة (أطعمة -زيوت ودهون) تخالف خانة الفئة المدخلة (Deli) التي توحي بـ «أطعمة -لحوم مصنعة وأجبان»,,,,,,
Safari,ينتهي في الثلاثاء، ٤ أغسطس ٢٠٢٦,,2026-08-02 14:46:55,Foods - processed meats and cheeses,Al Islami,Al Islami Chicken Minced 400gmx2pcs,مفروم دجاج,SHOPPING BONANZA,400gmx2pcs,,13.0,0,AED,,page_8.jpg,flyer_20836,,,83,,,,,,,,,classified_products_v2_final.xlsx,,,,20836,٤ أغسطس ٢٠٢٦,ينتهي في الثلاثاء، ٤ أغسطس ٢٠٢٦,SAFARI,2026-08-02 17:39:34,,,,,,0.023,0.489,0.058,0.01,1.0,7d7dd50394febf19,a0a77af9-c09f-4779-b587-cc97249aa514,68.0,83,86.0,,aggregated_bulk_flyer_data_unified_02_08.xlsx,100.0,False,,,,,68.0,88.0,72.0,,98.0,,86.0,,,,,,,,,لحوم ودواجن,,أطعمة -لحوم مصنعة وأجبان,برجر وكفتة,كفتة دجاج,0.959,CATALOG_OVERRIDE,AR,True,الفئة الناتجة (أطعمة -لحوم مصنعة وأجبان) تخالف خانة الفئة المدخلة (لحوم ودواجن) التي توحي بـ «أطعمة -فراخ وطيور»,,,,,,
Safari,ينتهي في الثلاثاء، ٤ أغسطس ٢٠٢٦,,2026-08-02 14:46:55,,Al Areesh,Al Areesh Premium Shrimps 454gm x 2pcs,العريش لطهي الروبيان,SHOPPING BONANZA,454gm x 2pcs,,13.75,0,AED,,page_8.jpg,flyer_20836,,,83,,,,,,,,,classified_products_v2_final.xlsx,,,,20836,٤ أغسطس ٢٠٢٦,ينتهي في الثلاثاء، ٤ أغسطس ٢٠٢٦,SAFARI,2026-08-02 17:39:34,,,,,,0.742,0.484,0.113,0.01,1.0,0f0d5cbf4f2da63c,a0a77af9-c09f-4779-b587-cc97249aa514,76.0,83,96.0,,aggregated_bulk_flyer_data_unified_02_08.xlsx,100.0,False,,,,,76.0,88.0,70.0,,91.0,,96.0,,,,,,,,,,,,,,0.15,OCR_ONLY,OCR+EN,True,,,,,,,
Safari,ينتهي في الثلاثاء، ٤ أغسطس ٢٠٢٦,,2026-08-02 14:46:47,Foods - dairy products,,Roumy Cheese,جبنه رومي,SHOPPING BONANZA,500 GM,,13.75,0,AED,,page_4.jpg,flyer_20836,,,80,,,,,,,,,classified_products_v2_final.xlsx,,,,20836,٤ أغسطس ٢٠٢٦,ينتهي في الثلاثاء، ٤ أغسطس ٢٠٢٦,Safari,2026-08-02 17:33:28,,,,,2024-08-02,0.503,0.6632,0.061,0.0096,1.0,3b2054c26a21294c,effe070d-90c5-4f9d-a9ea-cd102682343d,88.0,80,76.0,,aggregated_bulk_flyer_data_unified_02_08.xlsx,100.0,False,,,,,88.0,86.0,,,89.0,,76.0,,,,,,,,,Deli,,أطعمة -الألبان ومنتجاتها,أجبان,جبن رومي,1.0,RULE,AR,False,,,,,,,
Safari,ينتهي في الثلاثاء، ٤ أغسطس ٢٠٢٦,UAE,2026-08-02 14:46:59,Foods - processed meats and cheeses,Al Rawabi,Al Rawabi Triangle Cheese 120gmx5pcs,جبنه مثلثات الروابي,THE LARGEST HYPERMARKET IN UAE,120gmx5pcs,,13.75,0,AED,,page_9.jpg,flyer_20836,,,83,,,,,,,,,classified_products_v2_final.xlsx,,,,20836,٤ أغسطس ٢٠٢٦,ينتهي في الثلاثاء، ٤ أغسطس ٢٠٢٦,Safari,2026-08-02 17:40:04,,,,,,0.765,0.243,0.11,0.0139999999999999,1.0,79c61aaac9565219,bf5646bd-8e99-4afb-9dab-82c079882617,75.0,83,81.0,,aggregated_bulk_flyer_data_unified_02_08.xlsx,100.0,False,,,,,75.0,88.0,73.0,,100.0,,81.0,,,,,,,,,ألبان وأجبان,,أطعمة -لحوم مصنعة وأجبان,أجبان مصنعة,جبن مثلثات,1.0,RULE,AR,False,,,,,,,
Safari,ينتهي في الثلاثاء، ٤ أغسطس ٢٠٢٦,UAE,2026-08-02 14:46:59,Food - drinks,Rani,Rani Mango Juice Nas 125mlx18pcs,عصير راني بالمانجو,THE LARGEST HYPERMARKET IN UAE,125mlx18pcs,,13.75,0,AED,,page_9.jpg,flyer_20836,,,83,,,,,,,,,classified_products_v2_final.xlsx,,,,20836,٤ أغسطس ٢٠٢٦,ينتهي في الثلاثاء، ٤ أغسطس ٢٠٢٦,Safari,2026-08-02 17:40:04,,,,,,0.047,0.908,0.088,0.0140000000000001,1.0,00d6eeba90ad0404,bf5646bd-8e99-4afb-9dab-82c079882617,81.0,83,88.0,,aggregated_bulk_flyer_data_unified_02_08.xlsx,100.0,False,,,,,81.0,88.0,68.0,,99.0,,88.0,,,,,,,,,مشروبات,,أطعمة -مشروبات,عصائر,عصير مانجو,1.0,RULE,EN,False,,,,,,,
Safari,ينتهي في الثلاثاء، ٤ أغسطس ٢٠٢٦,,2026-08-02 14:47:36,Bags and accessories,,Ladies Soft Shoulder Bag Asstd.,Ladies Soft Shoulder Bag Asstd.,SAFARI BONVOY BAGGAGE EXPO 2026,,18.0,14.0,22,AED,,page_33.jpg,flyer_20836,,,74,,,,,,,,,classified_products_v2_final.xlsx,,,,20836,٤ أغسطس ٢٠٢٦,ينتهي في الثلاثاء، ٤ أغسطس ٢٠٢٦,Safari,2026-08-02 17:31:13,4.0,,,,,0.7360363636363636,0.257734,0.1427636363636364,0.0098639999999999,1.0,1f0c940d1d2a31a9,04f126e8-a247-4f60-8006-8a00553fff47,71.0,74,72.0,,aggregated_bulk_flyer_data_unified_02_08.xlsx,100.0,False,,,,,,71.0,,,,60.0,72.0,,,,,,,,,Bags,,شنط واكسسوارات,,,0.15,OCR_ONLY,OCR+EN,True,,,,,,,
Safari,ينتهي في الثلاثاء، ٤ أغسطس ٢٠٢٦,,2026-08-02 14:47:36,Bags and accessories,,Ladies Shoulder Bag Asstd.,Ladies Shoulder Bag Asstd.,SAFARI BONVOY BAGGAGE EXPO 2026,,20.0,14.0,30,AED,,page_33.jpg,flyer_20836,,,74,,,,,,,,,classified_products_v2_final.xlsx,,,,20836,٤ أغسطس ٢٠٢٦,ينتهي في الثلاثاء، ٤ أغسطس ٢٠٢٦,Safari,2026-08-02 17:31:13,6.0,,,,,0.2254909090909091,0.311164,0.0983272727272727,0.009864,1.0,293060c35d60eabc,04f126e8-a247-4f60-8006-8a00553fff47,71.0,74,87.0,,aggregated_bulk_flyer_data_unified_02_08.xlsx,100.0,False,,,,,,71.0,,,,68.0,87.0,,,,,,,,,Bags,,شنط واكسسوارات,,,0.15,OCR_ONLY,OCR+EN,True,,,,,,,
Safari,ينتهي في الثلاثاء، ٤ أغسطس ٢٠٢٦,,2026-08-02 14:47:30,Clothes and shoes,,Girls Pyjama 2Pcs Set Asstd,بيجاما للبنات,Children's Clothing Offers,,29.0,14.0,51,AED,,page_28.jpg,flyer_20836,,,90,,,,,,,,,classified_products_v2_final.xlsx,,,,20836,٤ أغسطس ٢٠٢٦,ينتهي في الثلاثاء، ٤ أغسطس ٢٠٢٦,Safari,2026-08-02 17:31:30,15.0,,,,,0.825,0.955,0.08,0.01,1.0,6d586106025482bf,6e231208-42c6-4885-8ee0-026e2999624a,86.0,90,98.0,100.0,aggregated_bulk_flyer_data_unified_02_08.xlsx,100.0,False,,,,,86.0,85.0,,,,99.0,98.0,,,,,,,,,ألبان وأجبان,,ملابس وأحذية,ملابس عامة,بيجامة,1.0,RULE,AR,False,,,,,,,
Safari,ينتهي في الثلاثاء، ٤ أغسطس ٢٠٢٦,,2026-08-02 14:47:17,Personal care,Smart,Smart Edp Perfume Asstd 100MI-1Pc,عطر ذكي,Perfume Fest,1Pc,,14.75,0,AED,,page_18.jpg,flyer_20836,,,86,,,,,,,,,classified_products_v2_final.xlsx,,,,20836,٤ أغسطس ٢٠٢٦,ينتهي في الثلاثاء، ٤ أغسطس ٢٠٢٦,Safari,2026-08-02 17:19:14,,,,,,0.5004863636363637,0.7808453333333334,0.0563654545454544,0.0098346666666666,1.0,01ee6a3b67b5745d,f6a77c35-1854-42c3-9e4f-35183fbf91ef,89.0,86,91.0,,aggregated_bulk_flyer_data_unified_02_08.xlsx,100.0,False,,,,,89.0,92.0,98.0,,96.0,,91.0,,,,,,,,,Perfume,,العناية الشخصية,عطور ومزيلات,عطر,1.0,RULE,AR,False,,,,,,,
Safari,ينتهي في الثلاثاء، ٤ أغسطس ٢٠٢٦,,2026-08-02 14:46:55,Foods - dairy products,Good Seoul,Good Seoul Corndog Doublecheese/Potato Cheese 300gm - 1pcs,كورن دوغ جبن,SHOPPING BONANZA,300gm - 1pcs,,14.75,0,AED,,page_8.jpg,flyer_20836,,,83,,,,,,,,,classified_products_v2_final.xlsx,,,,20836,٤ أغسطس ٢٠٢٦,ينتهي في الثلاثاء، ٤ أغسطس ٢٠٢٦,SAFARI,2026-08-02 17:39:34,,,,,,0.742,0.897,0.0759999999999999,0.0100000000000001,1.0,5070a3156d1077ce,a0a77af9-c09f-4779-b587-cc97249aa514,80.0,83,100.0,,aggregated_bulk_flyer_data_unified_02_08.xlsx,100.0,False,,,,,80.0,93.0,84.0,,90.0,,100.0,,,,,,,,,ألبان وأجبان,,أطعمة -الألبان ومنتجاتها,أجبان,جبن,0.95,FUZZY,AR,False,,,,,,,
Safari,ينتهي في الثلاثاء، ٤ أغسطس ٢٠٢٦,,2026-08-02 14:46:55,Ready foods,Seara,Seara French Fries 2.5kg,بطاطس مقليه,SHOPPING BONANZA,2.5kg,,15.0,0,AED,,page_8.jpg,flyer_20836,,,83,,,,,,,,,classified_products_v2_final.xlsx,,,,20836,٤ أغسطس ٢٠٢٦,ينتهي في الثلاثاء، ٤ أغسطس ٢٠٢٦,SAFARI,2026-08-02 17:39:34,,,,,,0.502,0.489,0.0759999999999999,0.01,1.0,14ce9d254fd55222,a0a77af9-c09f-4779-b587-cc97249aa514,76.0,83,94.0,,aggregated_bulk_flyer_data_unified_02_08.xlsx,100.0,False,,,,,76.0,91.0,81.0,,90.0,,94.0,,,,,,,,,لحوم ودواجن,,أطعمة جاهزة,وجبات جاهزة,بطاطس مقلية,0.9,CATALOG_OVERRIDE,AR,True,الفئة الناتجة (أطعمة جاهزة) تخالف خانة الفئة المدخلة (لحوم ودواجن) التي توحي بـ «أطعمة -فراخ وطيور»,,,,,,
Safari,ينتهي في الثلاثاء، ٤ أغسطس ٢٠٢٦,,2026-08-02 14:47:24,Foods - Spices,Kitchen Maid,Kitchen Maid Granite Sauce Pan,قدر صوص جرانيت كيتشن ميد,SHOPPING BONANZA,,23.0,15.0,34,AED,,page_22.jpg,flyer_20836,,,80,,,,,,,,,classified_products_v2_final.xlsx,,,,20836,٤ أغسطس ٢٠٢٦,ينتهي في الثلاثاء، ٤ أغسطس ٢٠٢٦,Safari,2026-08-02 17:23:31,,,,,,0.023650909090909,0.473308,0.1685127272727273,0.0124279999999999,1.0,ef08c76fb6498d77,dccd2266-b1c2-4a4b-83bb-f2cb72f7327c,64.0,80,78.0,,aggregated_bulk_flyer_data_unified_02_08.xlsx,100.0,False,,,,,64.0,73.0,67.0,,,73.0,78.0,,,,,,,,,,,أطعمة -توابل,خلطات جاهزة,صلصة,1.0,RULE,AR,False,,,,,,,
Safari,ينتهي في الثلاثاء، ٤ أغسطس ٢٠٢٦,,2026-08-02 14:47:33,Furniture and textiles,,Neck Pillow Asstd.,وساده الرقبه,,Each,,15.0,0,AED,,page_31.jpg,flyer_20836,,,88,,,,,,,,,classified_products_v2_final.xlsx,,,,20836,٤ أغسطس ٢٠٢٦,ينتهي في الثلاثاء، ٤ أغسطس ٢٠٢٦,Lulu,2026-08-02 17:29:26,,,,,,0.744,0.4550000000000001,0.0839999999999999,0.0149999999999999,1.0,381cdc1d45eaf487,315245bc-b787-4a5a-8218-49b797705ed7,71.0,88,76.0,,aggregated_bulk_flyer_data_unified_02_08.xlsx,100.0,False,,,,,71.0,81.0,,,,,76.0,,,,,,,,,Travel Accessories,,مفروشات ومنسوجات,شراشف ومخدات,وساده رقبه,0.95,FUZZY,AR,True,الفئة الناتجة (مفروشات ومنسوجات) تخالف خانة الفئة المدخلة (Travel Accessories) التي توحي بـ «شنط واكسسوارات»,,,,,,
Safari,ينتهي في الثلاثاء، ٤ أغسطس ٢٠٢٦,,2026-08-02 14:47:24,Tableware,Senso,Senso Ss Serving Bowl 2200ML,وعاء تقديم,SHOPPING BONANZA,2200ML,22.0,15.0,31,AED,,page_22.jpg,flyer_20836,,,80,,,,,,,,,classified_products_v2_final.xlsx,,,,20836,٤ أغسطس ٢٠٢٦,ينتهي في الثلاثاء، ٤ أغسطس ٢٠٢٦,Safari,2026-08-02 17:23:31,,,,,,0.023650909090909,0.908288,0.0699672727272727,0.012428,1.0,0d2a147b2c822a78,dccd2266-b1c2-4a4b-83bb-f2cb72f7327c,76.0,80,87.0,,aggregated_bulk_flyer_data_unified_02_08.xlsx,100.0,False,,,,,76.0,81.0,70.0,,71.0,76.0,87.0,,,,,,,,,,,أدوات مائدة,أدوات تقديم,ملعقة تقديم,0.728,FUZZY,AR,True,الفئة الناتجة (أدوات مائدة) تخالف خانة الفئة المدخلة (nan) التي توحي بـ «nan»,,,,,,
Safari,ينتهي في الثلاثاء، ٤ أغسطس ٢٠٢٦,"SAFARI MALL, MUWEILAH, SHARJAH - UAE",2026-08-02 14:46:44,Foods - oils and fats,Amul,AMUL PURE GHEE 500ML,سمن نقي,SHOPPING BONANZA,500ML,22.35,15.75,29,AED,4 DAYS ONLY JUL 30™ TO AUG. 02™ PER CUSTOMER,page_1.jpg,flyer_20836,,,77,,,,,,,,,classified_products_v2_final.xlsx,,,,20836,٤ أغسطس ٢٠٢٦,ينتهي في الثلاثاء، ٤ أغسطس ٢٠٢٦,Safari World Class Shopping Experience,2026-08-02 17:15:02,6.6,,,,2026-08-05,0.050330909090909,0.3140666666666667,0.056150909090909,0.0082133333333333,1.0,087f3d7aacbaf837,0bdee1b4-a4d4-4de1-95dd-084892926710,52.0,77,,,aggregated_bulk_flyer_data_unified_02_08.xlsx,100.0,False,,,,,52.0,58.0,79.0,,85.0,,,,,,,,,,,زيوت وسمن,,أطعمة -زيوت ودهون,سمن,سمن نباتي,0.97,CATALOG_OVERRIDE,AR,False,,,,,,,
Safari,ينتهي في الثلاثاء، ٤ أغسطس ٢٠٢٦,,2026-08-02 14:46:55,Foods - processed meats and cheeses,Farm Fresh,Farm Fresh Original Nuggets/Popcorn 750gm+250gm 1pcs,ناجتس دجاج / الفشار,SHOPPING BONANZA,750gm+250gm 1pcs,,15.75,0,AED,,page_8.jpg,flyer_20836,,,83,,,,,,,,,classified_products_v2_final.xlsx,,,,20836,٤ أغسطس ٢٠٢٦,ينتهي في الثلاثاء، ٤ أغسطس ٢٠٢٦,SAFARI,2026-08-02 17:39:34,,,,,,0.023,0.675,0.117,0.01,1.0,1186582b67b5e9b7,a0a77af9-c09f-4779-b587-cc97249aa514,64.0,83,91.0,,aggregated_bulk_flyer_data_unified_02_08.xlsx,100.0,False,,,,,64.0,84.0,78.0,,85.0,,91.0,,,,,,,,,لحوم ودواجن,,أطعمة -لحوم مصنعة وأجبان,برجر وكفتة,ناجتس,0.929,RULE_FUZZY,AR,True,الفئة الناتجة (أطعمة -لحوم مصنعة وأجبان) تخالف خانة الفئة المدخلة (لحوم ودواجن) التي توحي بـ «أطعمة -فراخ وطيور»,,,,,,
Safari,ينتهي في الثلاثاء، ٤ أغسطس ٢٠٢٦,,2026-08-02 14:47:28,Clothes and shoes,,Mens Sports T Shirt Asstd,تيشيرت رياضي رجالي,YOU'RE THE MAN,,20.0,16.0,20,AED,,page_26.jpg,flyer_20836,,,87,,,,,,,,,classified_products_v2_final.xlsx,,,,20836,٤ أغسطس ٢٠٢٦,ينتهي في الثلاثاء، ٤ أغسطس ٢٠٢٦,BASICS,2026-08-02 17:25:36,,,,,,0.815,0.947,0.1120000000000001,0.011,1.0,b9f9c84af7445ca7,fe32b1b6-0a7b-43a3-833d-1801425c3f2c,81.0,87,98.0,,aggregated_bulk_flyer_data_unified_02_08.xlsx,100.0,False,,,,,81.0,97.0,,,,99.0,98.0,,,,,,,,,,,ملابس وأحذية,ملابس عامة,تي شيرت,0.819,FUZZY,EN,True,الفئة الناتجة (ملابس وأحذية) تخالف خانة الفئة المدخلة (nan) التي توحي بـ «nan»,,,,,,
Safari,ينتهي في الثلاثاء، ٤ أغسطس ٢٠٢٦,,2026-08-02 14:47:17,Kitchen (cooking utensils),Sapil,Sapil Deo Spray Asstd 3X150MI,بخاخ جسم,Perfume Fest,3X150MI,,17.5,0,AED,,page_18.jpg,flyer_20836,,,86,,,,,,,,,classified_products_v2_final.xlsx,,,,20836,٤ أغسطس ٢٠٢٦,ينتهي في الثلاثاء، ٤ أغسطس ٢٠٢٦,Safari,2026-08-02 17:19:14,,,,,,0.0194363636363636,0.9627866666666666,0.0583090909090909,0.0098346666666667,1.0,8c2176e54f5a04f2,f6a77c35-1854-42c3-9e4f-35183fbf91ef,82.0,86,91.0,,aggregated_bulk_flyer_data_unified_02_08.xlsx,100.0,False,,,,,82.0,88.0,90.0,,94.0,,91.0,,,,,,,,,Deodorant,,مطبخ (أدوات طهي),أدوات يدوية,بخاخ ماء,0.841,FUZZY,AR,False,,,,,,,
Safari,ينتهي في الثلاثاء، ٤ أغسطس ٢٠٢٦,"SAFARI MALL, MUWEILAH, SHARJAH - UAE",2026-08-02 14:46:44,Personal care,Adidas,ADIDAS DEO SPRAY ASSTD. 150MLX3PCS,اديداس مزيل العرق رذاذ,SHOPPING BONANZA,150MLX3PCS,18.75,18.15,3,AED,3 DAYS ONLY JUL 30™ TO AUG. 01ST PER CUSTOMER,page_1.jpg,flyer_20836,,,77,,,,,,,,,classified_products_v2_final.xlsx,,,,20836,٤ أغسطس ٢٠٢٦,ينتهي في الثلاثاء، ٤ أغسطس ٢٠٢٦,Safari World Class Shopping Experience,2026-08-02 17:15:02,0.6,,,,2026-08-05,0.745,0.4750000000000001,0.14,0.0129999999999999,1.0,276788326c5e12af,0bdee1b4-a4d4-4de1-95dd-084892926710,53.0,77,86.0,90.0,aggregated_bulk_flyer_data_unified_02_08.xlsx,100.0,False,,,,,53.0,73.0,64.0,,84.0,63.0,86.0,,,,,,,,,,,العناية الشخصية,مزيل عرق,مزيل عرق,0.896,FUZZY,AR,True,الفئة الناتجة (العناية الشخصية) تخالف خانة الفئة المدخلة (nan) التي توحي بـ «nan»,,,,,,
Safari,ينتهي في الثلاثاء، ٤ أغسطس ٢٠٢٦,,2026-08-02 14:47:17,Personal care,Banu,Banu Edp Perfume Asstd 100MI+Deo 150MI,عطور بانو اي دي بي,Perfume Fest,100MI+Deo 150MI,,18.75,0,AED,,page_18.jpg,flyer_20836,,,86,,,,,,,,,classified_products_v2_final.xlsx,,,,20836,٤ أغسطس ٢٠٢٦,ينتهي في الثلاثاء، ٤ أغسطس ٢٠٢٦,Safari,2026-08-02 17:19:14,,,,,,0.7414972727272727,0.5939866666666667,0.1049563636363635,0.0098346666666666,1.0,665f7b74b6bacb38,f6a77c35-1854-42c3-9e4f-35183fbf91ef,90.0,86,96.0,,aggregated_bulk_flyer_data_unified_02_08.xlsx,100.0,False,,,,,90.0,92.0,95.0,,87.0,,96.0,,,,,,,,,Perfume Set,,العناية الشخصية,عطور ومزيلات,عطر,1.0,RULE,EN,False,,,,,,,
Safari,ينتهي في الثلاثاء، ٤ أغسطس ٢٠٢٦,"SAFARI MALL, MUWEILAH, SHARJAH - UAE",2026-08-02 14:46:44,Household cleaners,Ujala,UJALA LIQUID DETERGENT AUTOMATIC 3LTR - 1PC,منظف سايل اوجالا,SHOPPING BONANZA,3LTR,19.75,19.15,3,AED,4 DAYS ONLY JUL 30™ TO AUG. 02™ PER CUSTOMER,page_1.jpg,flyer_20836,,,77,,,,,,,,,classified_products_v2_final.xlsx,,,,20836,٤ أغسطس ٢٠٢٦,ينتهي في الثلاثاء، ٤ أغسطس ٢٠٢٦,Safari World Class Shopping Experience,2026-08-02 17:15:02,0.6,,,,2026-08-05,0.7882072727272728,0.8581573333333334,0.1060363636363637,0.0088293333333332,1.0,ce2d26eaf1b5f789,0bdee1b4-a4d4-4de1-95dd-084892926710,68.0,77,77.0,89.0,aggregated_bulk_flyer_data_unified_02_08.xlsx,100.0,False,,,,,68.0,75.0,74.0,,77.0,77.0,77.0,,,,,,,,,منظفات,,منظفات منزلية,منظفات متخصصة,منظف عام,0.95,FUZZY,OCR_STRONG,False,,,,,,,
Safari,ينتهي في الثلاثاء، ٤ أغسطس ٢٠٢٦,,2026-08-02 14:46:55,Food - fresh meat,Al Tamam,Al Tamam Bobby Veal 900gm,التمام لحم العجل,SHOPPING BONANZA,900gm,,19.5,0,AED,,page_8.jpg,flyer_20836,,,83,,,,,,,,,classified_products_v2_final.xlsx,,,,20836,٤ أغسطس ٢٠٢٦,ينتهي في الثلاثاء، ٤ أغسطس ٢٠٢٦,SAFARI,2026-08-02 17:39:34,,,,,,0.265,0.484,0.0969999999999999,0.01,1.0,4f63c8129c221062,a0a77af9-c09f-4779-b587-cc97249aa514,67.0,83,94.0,,aggregated_bulk_flyer_data_unified_02_08.xlsx,100.0,False,,,,,67.0,88.0,72.0,,97.0,,94.0,,,,,,,,,لحوم ودواجن,,أطعمة -لحوم طازجة,لحوم كندوز وبتلو,لحم بتلو,0.885,FUZZY,AR,True,الفئة الناتجة (أطعمة -لحوم طازجة) تخالف خانة الفئة المدخلة (لحوم ودواجن) التي توحي بـ «أطعمة -فراخ وطيور»,,,,,,
Safari,ينتهي في الثلاثاء، ٤ أغسطس ٢٠٢٦,,2026-08-02 14:47:17,Cosmetics,Jovan,Jovan Musk Men Col.Spray 88MI+Deo Spray 150MI,عطور جوفان,Perfume Fest,88MI+Deo 150MI,,19.5,0,AED,,page_18.jpg,flyer_20836,,,86,,,,,,,,,classified_products_v2_final.xlsx,,,,20836,٤ أغسطس ٢٠٢٦,ينتهي في الثلاثاء، ٤ أغسطس ٢٠٢٦,Safari,2026-08-02 17:19:14,,,,,,0.0194363636363636,0.5939866666666667,0.0680272727272727,0.0098346666666666,1.0,798fcf10e970397f,f6a77c35-1854-42c3-9e4f-35183fbf91ef,67.0,86,72.0,,aggregated_bulk_flyer_data_unified_02_08.xlsx,100.0,False,,,,,67.0,84.0,88.0,,88.0,,72.0,,,,,,,,,Perfume Set,,مستحضرات تجميل,عطور,"معطر جسم,",0.485,FUZZY,EN,True,,,,,,,
Safari,ينتهي في الثلاثاء، ٤ أغسطس ٢٠٢٦,,2026-08-02 14:47:17,Kitchen (cooking utensils),Reebok,Reebok Deo Body Spray Asstd 150Mlx3 Pcs,بخاخ الجسم,Perfume Fest,150Mlx3 Pcs,,19.75,0,AED,,page_18.jpg,flyer_20836,,,86,,,,,,,,,classified_products_v2_final.xlsx,,,,20836,٤ أغسطس ٢٠٢٦,ينتهي في الثلاثاء، ٤ أغسطس ٢٠٢٦,Safari,2026-08-02 17:19:14,,,,,,0.2594754545454546,0.7808453333333334,0.0680272727272727,0.0098346666666666,1.0,943fe587b3696ec7,f6a77c35-1854-42c3-9e4f-35183fbf91ef,85.0,86,99.0,,aggregated_bulk_flyer_data_unified_02_08.xlsx,100.0,False,,,,,85.0,85.0,92.0,,86.0,,99.0,,,,,,,,,Deodorant,,مطبخ (أدوات طهي),أدوات يدوية,بخاخ ماء,0.834,FUZZY,AR,False,,,,,,,
Safari,ينتهي في الثلاثاء، ٤ أغسطس ٢٠٢٦,,2026-08-02 14:46:53,,Regular,Regular Steel Puttu Maker,Regular Steel Puttu Maker,Puttu Fest,,39.0,20.0,48,AED,,page_7.jpg,flyer_20836,,,79,,,,,,,,,classified_products_v2_final.xlsx,,,,20836,٤ أغسطس ٢٠٢٦,ينتهي في الثلاثاء، ٤ أغسطس ٢٠٢٦,Safari,2026-08-02 17:34:54,,,,,,0.4951418181818181,0.86809,0.1310218181818182,0.0101653333333333,1.0,8ae127ea945ffd00,7b1e9d2e-9d8d-4f15-926d-6eb3fd60cda1,72.0,79,95.0,,aggregated_bulk_flyer_data_unified_02_08.xlsx,100.0,False,,,,,,72.0,89.0,,,81.0,95.0,,,,,,,,,,,,,,0.15,OCR_ONLY,OCR+EN,True,,,,,,,
Safari,ينتهي في الثلاثاء، ٤ أغسطس ٢٠٢٦,,2026-08-02 14:47:36,Bags and accessories,,Kids Backpack Asstd.,Kids Backpack Asstd.,SAFARI BONVOY BAGGAGE EXPO 2026,,20.0,20.0,0,AED,,page_33.jpg,flyer_20836,,,74,,,,,,,,,classified_products_v2_final.xlsx,,,,20836,٤ أغسطس ٢٠٢٦,ينتهي في الثلاثاء، ٤ أغسطس ٢٠٢٦,Safari,2026-08-02 17:31:13,0.0,,,,,0.048690909090909,0.8216260000000001,0.0983272727272727,0.009864,1.0,a4e4b02aa002df8c,04f126e8-a247-4f60-8006-8a00553fff47,71.0,74,99.0,,aggregated_bulk_flyer_data_unified_02_08.xlsx,100.0,False,,,,,,71.0,,,,71.0,99.0,,,,,,,,,Bags,,شنط واكسسوارات,,,0.15,OCR_ONLY,OCR+EN,True,,,,,,,
Safari,ينتهي في الثلاثاء، ٤ أغسطس ٢٠٢٦,SHARJAH - UAE,2026-08-02 14:47:32,Sports equipment and tools,,Mens Sports Shoes Asstd,احذيه رياضيه رجاليه,Footwear Offers,,,20.0,0,AED,,page_30.jpg,flyer_20836,,,83,,,,,,,,,classified_products_v2_final.xlsx,,,,20836,٤ أغسطس ٢٠٢٦,ينتهي في الثلاثاء، ٤ أغسطس ٢٠٢٦,SAFARI,2026-08-02 17:29:05,,,,,,0.367,0.452,0.1600000000000001,0.019,1.0,e413cd411d481cfe,e946d76c-1434-4c83-8f0b-c01e29340df2,80.0,83,91.0,,aggregated_bulk_flyer_data_unified_02_08.xlsx,100.0,False,,,,,80.0,83.0,,,,,91.0,,,,,,,,,Footwear,,أجهزة وأدوات رياضية,منتجات رياضية,أحذية رياضية,0.85,FUZZY,AR,True,الفئة الناتجة (أجهزة وأدوات رياضية) تخالف خانة الفئة المدخلة (Footwear) التي توحي بـ «ملابس وأحذية»,,,,,,
Safari,ينتهي في الثلاثاء، ٤ أغسطس ٢٠٢٦,,2026-08-02 14:47:30,Clothes and shoes,,Girls T Shirt Asstd,تيشيرت بناتي,Children's Clothing Offers,,34.0,20.0,41,AED,,page_28.jpg,flyer_20836,,,90,,,,,,,,,classified_products_v2_final.xlsx,,,,20836,٤ أغسطس ٢٠٢٦,ينتهي في الثلاثاء، ٤ أغسطس ٢٠٢٦,Safari,2026-08-02 17:31:30,14.0,,,,,0.506,0.955,0.0809999999999999,0.01,1.0,3ba2de11faee67c4,6e231208-42c6-4885-8ee0-026e2999624a,94.0,90,99.0,100.0,aggregated_bulk_flyer_data_unified_02_08.xlsx,100.0,False,,,,,94.0,94.0,,,,100.0,99.0,,,,,,,,,,,ملابس وأحذية,ملابس عامة,تي شيرت,0.841,FUZZY,EN,True,الفئة الناتجة (ملابس وأحذية) تخالف خانة الفئة المدخلة (nan) التي توحي بـ «nan»,,,,,,
Safari,ينتهي في الثلاثاء، ٤ أغسطس ٢٠٢٦,,2026-08-02 14:47:28,Clothes and shoes,,Mens Polo T Shirt Asstd,تيشيرت بولو رجالي,YOU'RE THE MAN,,24.0,20.0,16,AED,,page_26.jpg,flyer_20836,,,87,,,,,,,,,classified_products_v2_final.xlsx,,,,20836,٤ أغسطس ٢٠٢٦,ينتهي في الثلاثاء، ٤ أغسطس ٢٠٢٦,BASICS,2026-08-02 17:25:36,,,,,,0.492,0.4450000000000001,0.113,0.011,1.0,7f1c34ca58650f94,fe32b1b6-0a7b-43a3-833d-1801425c3f2c,60.0,87,86.0,,aggregated_bulk_flyer_data_unified_02_08.xlsx,100.0,False,,,,,60.0,88.0,,,,98.0,86.0,,,,,,,,,,,ملابس وأحذية,ملابس عامة,تي شيرت,0.939,FUZZY,EN,True,الفئة الناتجة (ملابس وأحذية) تخالف خانة الفئة المدخلة (nan) التي توحي بـ «nan»,,,,,,
Safari,ينتهي في الثلاثاء، ٤ أغسطس ٢٠٢٦,UAE,2026-08-02 14:46:59,Foods - dairy products,Kraft,Kraft Original Cheddar Cheese 870gm,جبنه شيدر,THE LARGEST HYPERMARKET IN UAE,870gm,,20.0,0,AED,,page_9.jpg,flyer_20836,,,83,,,,,,,,,classified_products_v2_final.xlsx,,,,20836,٤ أغسطس ٢٠٢٦,ينتهي في الثلاثاء، ٤ أغسطس ٢٠٢٦,Safari,2026-08-02 17:40:04,,,,,,0.287,0.243,0.06,0.0139999999999999,1.0,5085f7b85efd295a,bf5646bd-8e99-4afb-9dab-82c079882617,69.0,83,74.0,,aggregated_bulk_flyer_data_unified_02_08.xlsx,100.0,False,,,,,69.0,86.0,66.0,,86.0,,74.0,,,,,,,,,ألبان وأجبان,,أطعمة -الألبان ومنتجاتها,أجبان,جبن شيدر,1.0,RULE,AR,False,,,,,,,
Safari,ينتهي في الثلاثاء، ٤ أغسطس ٢٠٢٦,,2026-08-02 14:47:24,,,Glass Container,حاويه زجاجيه,SHOPPING BONANZA,3 pcs,29.0,20.0,31,AED,,page_22.jpg,flyer_20836,,,80,,,,,,,,,classified_products_v2_final.xlsx,,,,20836,٤ أغسطس ٢٠٢٦,ينتهي في الثلاثاء، ٤ أغسطس ٢٠٢٦,Safari,2026-08-02 17:23:31,,,,,,0.023650909090909,0.6950999999999999,0.0699672727272727,0.012428,1.0,6343a2c91b191c6e,dccd2266-b1c2-4a4b-83bb-f2cb72f7327c,69.0,80,92.0,,aggregated_bulk_flyer_data_unified_02_08.xlsx,100.0,False,,,,,69.0,81.0,,,66.0,83.0,92.0,,,,,,,,,,,,,,0.15,OCR_ONLY,OCR+EN,True,,,,,,,
Safari,ينتهي في الثلاثاء، ٤ أغسطس ٢٠٢٦,,2026-08-02 14:47:17,Cosmetics,Dirham,Dirham Edp Perfume Asstd 100MI-1Pc,عطر درهميزي بخاخ معطر للجسم,Perfume Fest,1Pc,,20.0,0,AED,,page_18.jpg,flyer_20836,,,86,,,,,,,,,classified_products_v2_final.xlsx,,,,20836,٤ أغسطس ٢٠٢٦,ينتهي في الثلاثاء، ٤ أغسطس ٢٠٢٦,Safari,2026-08-02 17:19:14,,,,,,0.5004863636363637,0.5939866666666667,0.1807581818181817,0.0098346666666666,1.0,108f44925febb8f5,f6a77c35-1854-42c3-9e4f-35183fbf91ef,84.0,86,94.0,,aggregated_bulk_flyer_data_unified_02_08.xlsx,100.0,False,,,,,84.0,90.0,91.0,,92.0,,94.0,,,,,,,,,Perfume,,مستحضرات تجميل,عطور,"معطر جسم,",0.874,CATALOG_OVERRIDE,AR,False,,,,,,,
Safari,ينتهي في الثلاثاء، ٤ أغسطس ٢٠٢٦,,2026-08-02 14:47:29,Clothes and shoes,,Ladies Rayon Nighty Asstd,نسايي قميص نوم,Timeless Beauty Endless Charm Explore our latest collection of ladies fashion accessories crafted for every occasion and every mood.,,34.0,20.0,41,AED,,page_27.jpg,flyer_20836,,,79,,,,,,,,,classified_products_v2_final.xlsx,,,,20836,٤ أغسطس ٢٠٢٦,ينتهي في الثلاثاء، ٤ أغسطس ٢٠٢٦,Safari,2026-08-02 17:25:31,,,,,,0.8611599999999999,0.8258980000000001,0.1013999999999999,0.0137159999999997,1.0,08ad781ffe88544c,aa45d73f-1631-4752-a01f-3d0456f1d4e3,83.0,79,98.0,,aggregated_bulk_flyer_data_unified_02_08.xlsx,100.0,False,,,,,83.0,91.0,,,,97.0,98.0,,,,,,,,,,,ملابس وأحذية,ملابس عامة,قميص,0.848,FUZZY,AR,True,الفئة الناتجة (ملابس وأحذية) تخالف خانة الفئة المدخلة (nan) التي توحي بـ «nan»,,,,,,
Safari,ينتهي في الثلاثاء، ٤ أغسطس ٢٠٢٦,"SAFARI MALL, MUWEILAH, SHARJAH - UAE",2026-08-02 14:46:44,Foods - oils and fats,Nawar,NAWAR SUNFLOWER OIL 3LTR,زيت دوار الشمس,SHOPPING BONANZA,3LTR,25.15,22.5,10,AED,4 DAYS ONLY JUL 30™ TO AUG. 02™ PER CUSTOMER,page_1.jpg,flyer_20836,,,77,,,,,,,,,classified_products_v2_final.xlsx,,,,20836,٤ أغسطس ٢٠٢٦,ينتهي في الثلاثاء، ٤ أغسطس ٢٠٢٦,Safari World Class Shopping Experience,2026-08-02 17:15:02,2.65,,,,2026-08-05,,,,,,6b6692955d46cd2a,0bdee1b4-a4d4-4de1-95dd-084892926710,,77,,,aggregated_bulk_flyer_data_unified_02_08.xlsx,,False,,,,,,,,,,,,,,,,,,,,زيوت وسمن,,أطعمة -زيوت ودهون,زيوت نباتية,زيت عباد الشمس,0.97,CATALOG_OVERRIDE,AR,False,,,,,,,
Safari,ينتهي في الثلاثاء، ٤ أغسطس ٢٠٢٦,,2026-08-02 14:46:47,Food - fresh meat,,Camel Meat With Bone,لحم جمل بالعظم,SHOPPING BONANZA,1 KG,,23.75,0,AED,,page_4.jpg,flyer_20836,,,80,,,,,,,,,classified_products_v2_final.xlsx,,,,20836,٤ أغسطس ٢٠٢٦,ينتهي في الثلاثاء، ٤ أغسطس ٢٠٢٦,Safari,2026-08-02 17:33:28,,,,,2024-08-02,0.4979999999999999,0.278,0.104,0.0119999999999999,1.0,f6b0cc49cd129bfe,effe070d-90c5-4f9d-a9ea-cd102682343d,73.0,80,91.0,,aggregated_bulk_flyer_data_unified_02_08.xlsx,100.0,False,,,,,73.0,85.0,,,96.0,,91.0,,,,,,,,,Meat,,أطعمة -لحوم طازجة,لحوم كندوز وبتلو,لحم بتلو,0.97,RULE_FUZZY,AR,False,,,,,,,
Safari,ينتهي في الثلاثاء، ٤ أغسطس ٢٠٢٦,,2026-08-02 14:47:28,Clothes and shoes,,Mens Casual Trouser Asstd,بنطلون رجالي كاجوال,YOU'RE THE MAN,,45.0,24.0,46,AED,,page_26.jpg,flyer_20836,,,87,,,,,,,,,classified_products_v2_final.xlsx,,,,20836,٤ أغسطس ٢٠٢٦,ينتهي في الثلاثاء، ٤ أغسطس ٢٠٢٦,BASICS,2026-08-02 17:25:36,,,,,,0.802,0.699,0.13,0.012,1.0,3ea001d40555bd36,fe32b1b6-0a7b-43a3-833d-1801425c3f2c,94.0,87,99.0,,aggregated_bulk_flyer_data_unified_02_08.xlsx,100.0,False,,,,,94.0,99.0,,,,100.0,99.0,,,,,,,,,,,ملابس وأحذية,أحذية,حذاء كاجوال,0.477,FUZZY,AR_FULL+PROMO+EN,True,الفئة الناتجة (ملابس وأحذية) تخالف خانة الفئة المدخلة (nan) التي توحي بـ «nan»,,,,,,
Safari,ينتهي في الثلاثاء، ٤ أغسطس ٢٠٢٦,,2026-08-02 14:47:29,Clothes and shoes,,Ladies Drop Shoulder T Shirt Asstd,تيشيرت نسايي,Timeless Beauty Endless Charm Explore our latest collection of ladies fashion accessories crafted for every occasion and every mood.,,39.0,24.0,38,AED,,page_27.jpg,flyer_20836,,,79,,,,,,,,,classified_products_v2_final.xlsx,,,,20836,٤ أغسطس ٢٠٢٦,ينتهي في الثلاثاء، ٤ أغسطس ٢٠٢٦,Safari,2026-08-02 17:25:31,,,,,,0.2629,0.499,0.08736,0.013716,1.0,9f6ef2f8ef1b7ab2,aa45d73f-1631-4752-a01f-3d0456f1d4e3,65.0,79,91.0,,aggregated_bulk_flyer_data_unified_02_08.xlsx,100.0,False,,,,,65.0,83.0,,,,72.0,91.0,,,,,,,,,,,ملابس وأحذية,ملابس عامة,تي شيرت,0.806,FUZZY,EN,True,الفئة الناتجة (ملابس وأحذية) تخالف خانة الفئة المدخلة (nan) التي توحي بـ «nan»,,,,,,
Safari,ينتهي في الثلاثاء، ٤ أغسطس ٢٠٢٦,,2026-08-02 14:47:31,Clothes and shoes,,Infant Dress Asstd,طقم ملابس للبنات,,,,24.0,0,AED,كمية محدودة,page_29.jpg,flyer_20836,,,82,,,,,,,,,classified_products_v2_final.xlsx,,,,20836,٤ أغسطس ٢٠٢٦,ينتهي في الثلاثاء، ٤ أغسطس ٢٠٢٦,Safari,2026-08-02 17:31:35,,,,,,0.551,0.4780000000000001,0.0989999999999999,0.013,1.0,21e60f02a9b48328,8d2dd3a7-9eaa-4d80-aa26-038f150a98ca,87.0,82,85.0,,aggregated_bulk_flyer_data_unified_02_08.xlsx,100.0,False,,,,,87.0,96.0,,,,,85.0,,,,,,,,,Infant,,ملابس وأحذية,ملابس عامة,ملابس,0.83,FUZZY,AR,False,,,,,,,
Safari,ينتهي في الثلاثاء، ٤ أغسطس ٢٠٢٦,UAE,2026-08-02 14:47:27,Furniture,,Folding Carpet Printed 200 x 300 Asstd,سجاده قابله للطي,THE LARGEST HYPERMARKET IN UAE,,,25.0,0,AED,,page_25.jpg,flyer_20836,,,78,,,,,,,,,classified_products_v2_final.xlsx,,,,20836,٤ أغسطس ٢٠٢٦,ينتهي في الثلاثاء، ٤ أغسطس ٢٠٢٦,Safari,2026-08-02 17:25:41,,,,,,0.675,0.3180000000000001,0.095,0.012,1.0,cc8cf29e7d07e591,5a91276b-89d9-43d6-8fdd-eba0d12149f9,72.0,78,59.0,,aggregated_bulk_flyer_data_unified_02_08.xlsx,100.0,False,,,,,72.0,79.0,,,,,59.0,,,,,,,,,,,الأثاث,ترابيزات,ترابيزة قابلة للطي,0.54,FUZZY,AR,True,الفئة الناتجة (الأثاث) تخالف خانة الفئة المدخلة (nan) التي توحي بـ «nan»,,,,,,
Safari,ينتهي في الثلاثاء، ٤ أغسطس ٢٠٢٦,,2026-08-02 14:46:47,Foods - oils and fats,,Buffalo Ghee 600 gm,سمن الجاموس,SHOPPING BONANZA,1 PC,,26.5,0,AED,,page_4.jpg,flyer_20836,,,80,,,,,,,,,classified_products_v2_final.xlsx,,,,20836,٤ أغسطس ٢٠٢٦,ينتهي في الثلاثاء، ٤ أغسطس ٢٠٢٦,Safari,2026-08-02 17:33:28,,,,,2024-08-02,0.32,0.812,0.013,0.0623999999999999,1.0,0ff546aca3afd124,effe070d-90c5-4f9d-a9ea-cd102682343d,79.0,80,74.0,,aggregated_bulk_flyer_data_unified_02_08.xlsx,100.0,False,,,,,79.0,91.0,,,91.0,,74.0,,,,,,,,,Deli,,أطعمة -زيوت ودهون,سمن,سمن نباتي,0.924,RULE_FUZZY,AR,True,الفئة الناتجة (أطعمة -زيوت ودهون) تخالف خانة الفئة المدخلة (Deli) التي توحي بـ «أطعمة -لحوم مصنعة وأجبان»,,,,,,
Safari,ينتهي في الثلاثاء، ٤ أغسطس ٢٠٢٦,,2026-08-02 14:47:17,Personal care,Arabiyat,Arabiyat Lamsat Harir Edp/Oud Al Layl Edp/Al Faris Gift Pack - 100MI+Deo 200MI,عطر و مزيل عرق زهره,Perfume Fest,100MI+Deo 200MI,,26.75,0,AED,,page_18.jpg,flyer_20836,,,86,,,,,,,,,classified_products_v2_final.xlsx,,,,20836,٤ أغسطس ٢٠٢٦,ينتهي في الثلاثاء، ٤ أغسطس ٢٠٢٦,Safari,2026-08-02 17:19:14,,,,,,0.2594754545454546,0.4003666666666666,0.1049563636363636,0.0104493333333333,1.0,9d2bfbd935f47f0a,f6a77c35-1854-42c3-9e4f-35183fbf91ef,57.0,86,76.0,,aggregated_bulk_flyer_data_unified_02_08.xlsx,100.0,False,,,,,57.0,72.0,87.0,,87.0,,76.0,,,,,,,,,Perfume Set,,العناية الشخصية,مزيل عرق,مزيل عرق,1.0,RULE,AR,False,,,,,,,
Safari,ينتهي في الثلاثاء، ٤ أغسطس ٢٠٢٦,,2026-08-02 14:46:47,Food - fresh meat,,Indian Buffalo,لحم الجاموس الهندي,SHOPPING BONANZA,1 KG,,28.5,0,AED,,page_4.jpg,flyer_20836,,,80,,,,,,,,,classified_products_v2_final.xlsx,,,,20836,٤ أغسطس ٢٠٢٦,ينتهي في الثلاثاء، ٤ أغسطس ٢٠٢٦,Safari,2026-08-02 17:33:28,,,,,2024-08-02,0.018,0.278,0.137,0.0119999999999999,1.0,4c93b8b48f3efe7f,effe070d-90c5-4f9d-a9ea-cd102682343d,62.0,80,63.0,,aggregated_bulk_flyer_data_unified_02_08.xlsx,100.0,False,,,,,62.0,69.0,,,80.0,,63.0,,,,,,,,,Meat,,أطعمة -لحوم طازجة,لحوم كندوز وبتلو,لحم بتلو,0.97,RULE_FUZZY,AR,False,,,,,,,
Safari,ينتهي في الثلاثاء، ٤ أغسطس ٢٠٢٦,,2026-08-02 14:47:30,Clothes and shoes,,Girls Crop Top Asstd,بلوزه قصيره للبنات,Children's Clothing Offers,,54.0,29.0,46,AED,,page_28.jpg,flyer_20836,,,90,,,,,,,,,classified_products_v2_final.xlsx,,,,20836,٤ أغسطس ٢٠٢٦,ينتهي في الثلاثاء، ٤ أغسطس ٢٠٢٦,Safari,2026-08-02 17:31:30,25.0,,,,,0.198,0.71,0.117,0.01,1.0,52b2913f2548d9a8,6e231208-42c6-4885-8ee0-026e2999624a,75.0,90,98.0,98.0,aggregated_bulk_flyer_data_unified_02_08.xlsx,100.0,False,,,,,75.0,95.0,,,,89.0,98.0,,,,,,,,,ألبان وأجبان,,ملابس وأحذية,ملابس نسائي,بلوزة,0.85,FUZZY,AR,True,الفئة الناتجة (ملابس وأحذية) تخالف خانة الفئة المدخلة (ألبان وأجبان) التي توحي بـ «أطعمة -الألبان ومنتجاتها»,,,,,,
Safari,ينتهي في الثلاثاء، ٤ أغسطس ٢٠٢٦,,2026-08-02 14:47:28,Clothes and shoes,,Mens Drop Shoulder Asstd,تي شيرت رجالي,YOU'RE THE MAN,,45.0,29.0,35,AED,,page_26.jpg,flyer_20836,,,87,,,,,,,,,classified_products_v2_final.xlsx,,,,20836,٤ أغسطس ٢٠٢٦,ينتهي في الثلاثاء، ٤ أغسطس ٢٠٢٦,BASICS,2026-08-02 17:25:36,,,,,,0.809,0.4530000000000001,0.0909999999999999,0.011,1.0,8c71bcdcf8452489,fe32b1b6-0a7b-43a3-833d-1801425c3f2c,73.0,87,98.0,,aggregated_bulk_flyer_data_unified_02_08.xlsx,100.0,False,,,,,73.0,91.0,,,,99.0,98.0,,,,,,,,,,,ملابس وأحذية,ملابس عامة,تي شيرت,0.95,FUZZY,AR,True,الفئة الناتجة (ملابس وأحذية) تخالف خانة الفئة المدخلة (nan) التي توحي بـ «nan»,,,,,,
Safari,ينتهي في الثلاثاء، ٤ أغسطس ٢٠٢٦,,2026-08-02 14:47:30,Clothes and shoes,,Boys Polo T Shirt Asstd,تيشيرت بولو للاطفال,Children's Clothing Offers,,39.0,29.0,25,AED,,page_28.jpg,flyer_20836,,,90,,,,,,,,,classified_products_v2_final.xlsx,,,,20836,٤ أغسطس ٢٠٢٦,ينتهي في الثلاثاء، ٤ أغسطس ٢٠٢٦,Safari,2026-08-02 17:31:30,10.0,,,,,0.506,0.22,0.119,0.01,1.0,760aef01d1a02e9f,6e231208-42c6-4885-8ee0-026e2999624a,75.0,90,93.0,99.0,aggregated_bulk_flyer_data_unified_02_08.xlsx,100.0,False,,,,,75.0,87.0,,,,84.0,93.0,,,,,,,,,,,ملابس وأحذية,ملابس عامة,تي شيرت,0.923,FUZZY,EN,True,الفئة الناتجة (ملابس وأحذية) تخالف خانة الفئة المدخلة (nan) التي توحي بـ «nan»,,,,,,
Safari,ينتهي في الثلاثاء، ٤ أغسطس ٢٠٢٦,,2026-08-02 14:47:30,Clothes and shoes,,Girls Cotton Frocks Asstd,فساتين قطنيه للبنات,Children's Clothing Offers,,44.0,29.0,34,AED,,page_28.jpg,flyer_20836,,,90,,,,,,,,,classified_products_v2_final.xlsx,,,,20836,٤ أغسطس ٢٠٢٦,ينتهي في الثلاثاء، ٤ أغسطس ٢٠٢٦,Safari,2026-08-02 17:31:30,15.0,,,,,0.506,0.71,0.119,0.01,1.0,3b3e04596bc1d3a7,6e231208-42c6-4885-8ee0-026e2999624a,89.0,90,100.0,100.0,aggregated_bulk_flyer_data_unified_02_08.xlsx,100.0,False,,,,,89.0,97.0,,,,99.0,100.0,,,,,,,,,ألبان وأجبان,,ملابس وأحذية,ملابس عامة,بيجامة,0.527,FUZZY,EN,True,الفئة الناتجة (ملابس وأحذية) تخالف خانة الفئة المدخلة (ألبان وأجبان) التي توحي بـ «أطعمة -الألبان ومنتجاتها»,,,,,,
Safari,ينتهي في الثلاثاء، ٤ أغسطس ٢٠٢٦,,2026-08-02 14:47:31,Clothes and shoes,,Infant Fancy Frock Asstd,فستان اطفال فاخر,,,,29.0,0,AED,كمية محدودة,page_29.jpg,flyer_20836,,,82,,,,,,,,,classified_products_v2_final.xlsx,,,,20836,٤ أغسطس ٢٠٢٦,ينتهي في الثلاثاء، ٤ أغسطس ٢٠٢٦,Safari,2026-08-02 17:31:35,,,,,,0.845,0.4780000000000001,0.0989999999999998,0.013,1.0,c4758a35ace41cd1,8d2dd3a7-9eaa-4d80-aa26-038f150a98ca,90.0,82,96.0,,aggregated_bulk_flyer_data_unified_02_08.xlsx,100.0,False,,,,,90.0,98.0,,,,,96.0,,,,,,,,,Infant,,ملابس وأحذية,ملابس نسائي,فستان,0.85,FUZZY,AR,False,,,,,,,
Safari,ينتهي في الثلاثاء، ٤ أغسطس ٢٠٢٦,,2026-08-02 14:47:24,Kitchen (cooking utensils),,Cooking Pot,قدر الطبخ,SHOPPING BONANZA,,44.0,29.0,34,AED,,page_22.jpg,flyer_20836,,,80,,,,,,,,,classified_products_v2_final.xlsx,,,,20836,٤ أغسطس ٢٠٢٦,ينتهي في الثلاثاء، ٤ أغسطس ٢٠٢٦,Safari,2026-08-02 17:23:31,,,,,,0.2572036363636364,0.47522,0.0532145454545454,0.012428,1.0,fc234d122586c822,dccd2266-b1c2-4a4b-83bb-f2cb72f7327c,70.0,80,91.0,,aggregated_bulk_flyer_data_unified_02_08.xlsx,100.0,False,,,,,70.0,82.0,,,,73.0,91.0,,,,,,,,,,,مطبخ (أدوات طهي),حلل ومقالي,حلة طهي,0.927,FUZZY,EN,True,الفئة الناتجة (مطبخ (أدوات طهي)) تخالف خانة الفئة المدخلة (nan) التي توحي بـ «nan»,,,,,,
Safari,ينتهي في الثلاثاء، ٤ أغسطس ٢٠٢٦,,2026-08-02 14:47:29,Clothes and shoes,,Ladies Shirt Asstd,قميص نسايي,Timeless Beauty Endless Charm Explore our latest collection of ladies fashion accessories crafted for every occasion and every mood.,,44.0,29.0,34,AED,,page_27.jpg,flyer_20836,,,79,,,,,,,,,classified_products_v2_final.xlsx,,,,20836,٤ أغسطس ٢٠٢٦,ينتهي في الثلاثاء، ٤ أغسطس ٢٠٢٦,Safari,2026-08-02 17:25:31,,,,,,0.5632,0.172864,0.07176,0.0144779999999999,1.0,a37776f604e6ee62,aa45d73f-1631-4752-a01f-3d0456f1d4e3,62.0,79,78.0,,aggregated_bulk_flyer_data_unified_02_08.xlsx,100.0,False,,,,,62.0,81.0,,,,53.0,78.0,,,,,,,,,,,ملابس وأحذية,ملابس عامة,قميص,0.85,FUZZY,AR,True,الفئة الناتجة (ملابس وأحذية) تخالف خانة الفئة المدخلة (nan) التي توحي بـ «nan»,,,,,,
Safari,ينتهي في الثلاثاء، ٤ أغسطس ٢٠٢٦,,2026-08-02 14:47:30,Clothes and shoes,,Boys / Girls Swimming Dress Asstd,ملابس سباحه,Children's Clothing Offers,,39.0,29.0,25,AED,,page_28.jpg,flyer_20836,,,90,,,,,,,,,classified_products_v2_final.xlsx,,,,20836,٤ أغسطس ٢٠٢٦,ينتهي في الثلاثاء، ٤ أغسطس ٢٠٢٦,Safari,2026-08-02 17:31:30,10.0,,,,,0.855,0.465,0.07,0.01,1.0,dc80dddfdee3bbfe,6e231208-42c6-4885-8ee0-026e2999624a,76.0,90,95.0,100.0,aggregated_bulk_flyer_data_unified_02_08.xlsx,100.0,False,,,,,76.0,88.0,,,,89.0,95.0,,,,,,,,,,,ملابس وأحذية,ملابس عامة,ملابس,0.85,FUZZY,AR,True,الفئة الناتجة (ملابس وأحذية) تخالف خانة الفئة المدخلة (nan) التي توحي بـ «nan»,,,,,,
Safari,ينتهي في الثلاثاء، ٤ أغسطس ٢٠٢٦,,2026-08-02 14:47:24,,Ferix,Ferix Portable Blower,منفاخ هواء محمول,SHOPPING BONANZA,,49.0,29.0,40,AED,,page_22.jpg,flyer_20836,,,80,,,,,,,,,classified_products_v2_final.xlsx,,,,20836,٤ أغسطس ٢٠٢٦,ينتهي في الثلاثاء، ٤ أغسطس ٢٠٢٦,Safari,2026-08-02 17:23:31,,,,,,0.5341163636363636,0.9092439999999998,0.1074145454545454,0.012428,1.0,c3c076695c389410,dccd2266-b1c2-4a4b-83bb-f2cb72f7327c,72.0,80,86.0,,aggregated_bulk_flyer_data_unified_02_08.xlsx,100.0,False,,,,,72.0,85.0,74.0,,,94.0,86.0,,,,,,,,,,,,,,0.15,OCR_ONLY,OCR+EN,True,,,,,,,
Safari,ينتهي في الثلاثاء، ٤ أغسطس ٢٠٢٦,,2026-08-02 14:47:17,Personal care,Adidas,Adidas Ice Dive Edt 100MI+Deo 150MI+Shower Gel 250MI,طقم عطر اديداس,Perfume Fest,100MI+Deo 150MI+Shower Gel 250MI,,29.75,0,AED,,page_18.jpg,flyer_20836,,,86,,,,,,,,,classified_products_v2_final.xlsx,,,,20836,٤ أغسطس ٢٠٢٦,ينتهي في الثلاثاء، ٤ أغسطس ٢٠٢٦,Safari,2026-08-02 17:19:14,,,,,,0.2594754545454546,0.582308,0.1049563636363636,0.0098346666666666,1.0,81b9049580f84a0c,f6a77c35-1854-42c3-9e4f-35183fbf91ef,78.0,86,92.0,,aggregated_bulk_flyer_data_unified_02_08.xlsx,100.0,False,,,,,78.0,87.0,94.0,,86.0,,92.0,,,,,,,,,Perfume Set,,العناية الشخصية,عطور ومزيلات,عطر,1.0,RULE,AR,False,,,,,,,
Safari,ينتهي في الثلاثاء، ٤ أغسطس ٢٠٢٦,,2026-08-02 14:47:17,Personal care,Arabiyat,Arabiyat Fluffy Edp 100MI+Deo 200MI,فلفي عربيه,Perfume Fest,100MI+Deo 200MI,,29.75,0,AED,,page_18.jpg,flyer_20836,,,86,,,,,,,,,classified_products_v2_final.xlsx,,,,20836,٤ أغسطس ٢٠٢٦,ينتهي في الثلاثاء، ٤ أغسطس ٢٠٢٦,Safari,2026-08-02 17:19:14,,,,,,0.7414972727272727,0.4120453333333333,0.0670554545454544,0.0098346666666667,1.0,99cc3e14e68f4343,f6a77c35-1854-42c3-9e4f-35183fbf91ef,73.0,86,84.0,,aggregated_bulk_flyer_data_unified_02_08.xlsx,100.0,False,,,,,73.0,87.0,95.0,,89.0,,84.0,,,,,,,,,Perfume Set,,العناية الشخصية,عطور ومزيلات,عطر,1.0,RULE,AR+PROMO,False,,,,,,,
Safari,ينتهي في الثلاثاء، ٤ أغسطس ٢٠٢٦,SHARJAH - UAE,2026-08-02 14:47:32,Sports equipment and tools,Sparx,Sparx Mens Sport Shoes Asstd,احذيه رياضيه رجاليه,Footwear Offers,,,30.0,0,AED,,page_30.jpg,flyer_20836,,,83,,,,,,,,,classified_products_v2_final.xlsx,,,,20836,٤ أغسطس ٢٠٢٦,ينتهي في الثلاثاء، ٤ أغسطس ٢٠٢٦,SAFARI,2026-08-02 17:29:05,,,,,,0.735,0.241,0.16,0.019,1.0,96706b06bffe0b23,e946d76c-1434-4c83-8f0b-c01e29340df2,71.0,83,80.0,,aggregated_bulk_flyer_data_unified_02_08.xlsx,100.0,False,,,,,71.0,85.0,66.0,,,,80.0,,,,,,,,,Footwear,,أجهزة وأدوات رياضية,منتجات رياضية,أحذية رياضية,0.85,FUZZY,AR,True,الفئة الناتجة (أجهزة وأدوات رياضية) تخالف خانة الفئة المدخلة (Footwear) التي توحي بـ «ملابس وأحذية»,,,,,,
Safari,ينتهي في الثلاثاء، ٤ أغسطس ٢٠٢٦,SHARJAH - UAE,2026-08-02 14:47:32,Sports equipment and tools,,Boys Casual Shoes Asstd,احذيه رياضيه للاولاد,Footwear Offers,,,30.0,0,AED,,page_30.jpg,flyer_20836,,,83,,,,,,,,,classified_products_v2_final.xlsx,,,,20836,٤ أغسطس ٢٠٢٦,ينتهي في الثلاثاء، ٤ أغسطس ٢٠٢٦,SAFARI,2026-08-02 17:29:05,,,,,,0.355,0.693,0.12,0.019,1.0,9bf900306322151d,e946d76c-1434-4c83-8f0b-c01e29340df2,77.0,83,95.0,,aggregated_bulk_flyer_data_unified_02_08.xlsx,100.0,False,,,,,77.0,95.0,,,,,95.0,,,,,,,,,Footwear,,أجهزة وأدوات رياضية,منتجات رياضية,أحذية رياضية,0.85,FUZZY,AR,True,الفئة الناتجة (أجهزة وأدوات رياضية) تخالف خانة الفئة المدخلة (Footwear) التي توحي بـ «ملابس وأحذية»,,,,,,
Safari,ينتهي في الثلاثاء، ٤ أغسطس ٢٠٢٦,"SAFARI MALL, MUWEILAH, SHARJAH - UAE",2026-08-02 14:46:44,Foods - chickens and birds,Sadia,SADIA TENDER CHICKEN HALF BREAST BL/SL 2KG,صدر دجاج,SHOPPING BONANZA,2KG,38.15,30.0,21,AED,4 DAYS ONLY JUL 30™ TO AUG. 02™ PER CUSTOMER,page_1.jpg,flyer_20836,,,77,,,,,,,,,classified_products_v2_final.xlsx,,,,20836,٤ أغسطس ٢٠٢٦,ينتهي في الثلاثاء، ٤ أغسطس ٢٠٢٦,Safari World Class Shopping Experience,2026-08-02 17:15:02,8.15,,,,2026-08-05,0.557,0.671,0.111,0.0129999999999999,1.0,820e6336f3720aef,0bdee1b4-a4d4-4de1-95dd-084892926710,65.0,77,78.0,99.0,aggregated_bulk_flyer_data_unified_02_08.xlsx,100.0,False,,,,,65.0,73.0,66.0,,83.0,89.0,78.0,,,,,,,,,لحوم ودواجن,,أطعمة -فراخ وطيور,دجاج وأجزاؤه,فيليه دجاج,0.97,CATALOG_OVERRIDE,AR,False,,,,,,,
Safari,ينتهي في الثلاثاء، ٤ أغسطس ٢٠٢٦,SHARJAH - UAE,2026-08-02 14:47:32,Clothes and shoes,,Boys Sandals Asstd,صنادل للاولاد,Footwear Offers,,,30.0,0,AED,,page_30.jpg,flyer_20836,,,83,,,,,,,,,classified_products_v2_final.xlsx,,,,20836,٤ أغسطس ٢٠٢٦,ينتهي في الثلاثاء، ٤ أغسطس ٢٠٢٦,SAFARI,2026-08-02 17:29:05,,,,,,0.665,0.693,0.1,0.019,1.0,c6b38e2cbbf57db5,e946d76c-1434-4c83-8f0b-c01e29340df2,80.0,83,99.0,,aggregated_bulk_flyer_data_unified_02_08.xlsx,100.0,False,,,,,80.0,97.0,,,,,99.0,,,,,,,,,Footwear,,ملابس وأحذية,,,0.15,OCR_ONLY,OCR+EN,True,,,,,,,
Safari,ينتهي في الثلاثاء، ٤ أغسطس ٢٠٢٦,,2026-08-02 14:47:40,Hair care,Geepas,Geepas GH8722 / 8723 Hair Straightener,مجفف شعر,THE LARGEST HYPERMARKET IN UAE,,49.0,30.0,38,AED,,page_37.jpg,flyer_20836,,,80,,,,,,,,,classified_products_v2_final.xlsx,,,,20836,٤ أغسطس ٢٠٢٦,ينتهي في الثلاثاء، ٤ أغسطس ٢٠٢٦,Safari,2026-08-02 17:33:06,19.0,,,,,0.362,0.909,0.0639999999999999,0.0140000000000001,1.0,8862bea1667436b6,7f6b34c9-2132-49a0-8b4a-2156ec897610,85.0,80,90.0,,aggregated_bulk_flyer_data_unified_02_08.xlsx,100.0,False,,,,,85.0,91.0,74.0,,,87.0,90.0,,,,,,,,,Electronics,,العناية بالشعر,أدوات شعر,مجفف شعر,0.85,FUZZY,AR,True,الفئة الناتجة (العناية بالشعر) تخالف خانة الفئة المدخلة (Electronics) التي توحي بـ «أجهزة تليفزيون وصوتيات»,,,,,,
Safari,ينتهي في الثلاثاء، ٤ أغسطس ٢٠٢٦,,2026-08-02 14:47:29,Clothes and shoes,,Ladies Crop Top W / Pant Set Asstd,نساييه قصيره بلوزه,Timeless Beauty Endless Charm Explore our latest collection of ladies fashion accessories crafted for every occasion and every mood.,,45.0,30.0,33,AED,,page_27.jpg,flyer_20836,,,79,,,,,,,,,classified_products_v2_final.xlsx,,,,20836,٤ أغسطس ٢٠٢٦,ينتهي في الثلاثاء، ٤ أغسطس ٢٠٢٦,Safari,2026-08-02 17:25:31,,,,,,0.8611599999999999,0.214774,0.1115400000000001,0.0137159999999999,1.0,c0303119446d5b34,aa45d73f-1631-4752-a01f-3d0456f1d4e3,67.0,79,84.0,,aggregated_bulk_flyer_data_unified_02_08.xlsx,100.0,False,,,,,67.0,77.0,,,,72.0,84.0,,,,,,,,,,,ملابس وأحذية,ملابس نسائي,بلوزة,0.821,FUZZY,AR,True,الفئة الناتجة (ملابس وأحذية) تخالف خانة الفئة المدخلة (nan) التي توحي بـ «nan»,,,,,,
Safari,ينتهي في الثلاثاء، ٤ أغسطس ٢٠٢٦,,2026-08-02 14:46:47,Food - fresh meat,,Kenyan Mutton,لحم ضان كيني,SHOPPING BONANZA,1 KG,,30.75,0,AED,,page_4.jpg,flyer_20836,,,80,,,,,,,,,classified_products_v2_final.xlsx,,,,20836,٤ أغسطس ٢٠٢٦,ينتهي في الثلاثاء، ٤ أغسطس ٢٠٢٦,Safari,2026-08-02 17:33:28,,,,,2024-08-02,0.261,0.278,0.0869999999999999,0.0119999999999999,1.0,6234b22399d41fb0,effe070d-90c5-4f9d-a9ea-cd102682343d,70.0,80,82.0,,aggregated_bulk_flyer_data_unified_02_08.xlsx,100.0,False,,,,,70.0,84.0,,,89.0,,82.0,,,,,,,,,Meat,,أطعمة -لحوم طازجة,لحوم ضأن,فخذ ضاني,0.688,RULE_FUZZY,AR,True,,,,,,,
Safari,ينتهي في الثلاثاء، ٤ أغسطس ٢٠٢٦,,2026-08-02 14:47:17,Personal care,Louis Cardin,Louis Cardin Edp Perfume Asstd 100MI+Deo 200MI,عطر لويس,Perfume Fest,100MI+Deo 200MI,,32.75,0,AED,,page_18.jpg,flyer_20836,,,86,,,,,,,,,classified_products_v2_final.xlsx,,,,20836,٤ أغسطس ٢٠٢٦,ينتهي في الثلاثاء، ٤ أغسطس ٢٠٢٦,Safari,2026-08-02 17:19:14,,,,,,0.5004863636363637,0.4120453333333333,0.0583090909090908,0.0098346666666667,1.0,c128a06366586641,f6a77c35-1854-42c3-9e4f-35183fbf91ef,66.0,86,80.0,,aggregated_bulk_flyer_data_unified_02_08.xlsx,100.0,False,,,,,66.0,89.0,86.0,,88.0,,80.0,,,,,,,,,Perfume Set,,العناية الشخصية,عطور ومزيلات,عطر,1.0,RULE,AR,False,,,,,,,
Safari,ينتهي في الثلاثاء، ٤ أغسطس ٢٠٢٦,SHARJAH - UAE,2026-08-02 14:47:32,Sports equipment and tools,,Ladies Sports Shoes Asstd,احذيه رياضيه نساييه,Footwear Offers,,,34.0,0,AED,,page_30.jpg,flyer_20836,,,83,,,,,,,,,classified_products_v2_final.xlsx,,,,20836,٤ أغسطس ٢٠٢٦,ينتهي في الثلاثاء، ٤ أغسطس ٢٠٢٦,SAFARI,2026-08-02 17:29:05,,,,,,0.205,0.241,0.16,0.019,1.0,18f596efeef7e97c,e946d76c-1434-4c83-8f0b-c01e29340df2,58.0,83,68.0,,aggregated_bulk_flyer_data_unified_02_08.xlsx,100.0,False,,,,,58.0,74.0,,,,,68.0,,,,,,,,,Footwear,,أجهزة وأدوات رياضية,منتجات رياضية,أحذية رياضية,0.85,FUZZY,AR,True,الفئة الناتجة (أجهزة وأدوات رياضية) تخالف خانة الفئة المدخلة (Footwear) التي توحي بـ «ملابس وأحذية»,,,,,,
Safari,ينتهي في الثلاثاء، ٤ أغسطس ٢٠٢٦,,2026-08-02 14:47:28,Clothes and shoes,,Mens Track Pant Asstd,بنطال رياضي رجالي,YOU'RE THE MAN,,50.0,34.0,32,AED,,page_26.jpg,flyer_20836,,,87,,,,,,,,,classified_products_v2_final.xlsx,,,,20836,٤ أغسطس ٢٠٢٦,ينتهي في الثلاثاء، ٤ أغسطس ٢٠٢٦,BASICS,2026-08-02 17:25:36,,,,,,0.188,0.947,0.112,0.011,1.0,c96c1ddc16994cb0,fe32b1b6-0a7b-43a3-833d-1801425c3f2c,70.0,87,88.0,,aggregated_bulk_flyer_data_unified_02_08.xlsx,100.0,False,,,,,70.0,93.0,,,,83.0,88.0,,,,,,,,,,,ملابس وأحذية,أحذية,حذاء رياضي,0.519,FUZZY,AR,True,الفئة الناتجة (ملابس وأحذية) تخالف خانة الفئة المدخلة (nan) التي توحي بـ «nan»,,,,,,
Safari,ينتهي في الثلاثاء، ٤ أغسطس ٢٠٢٦,,2026-08-02 14:47:30,Clothes and shoes,,Girls Cargo Pants Asstd,بنطلون كارحو للبنات,Children's Clothing Offers,,59.0,34.0,42,AED,,page_28.jpg,flyer_20836,,,90,,,,,,,,,classified_products_v2_final.xlsx,,,,20836,٤ أغسطس ٢٠٢٦,ينتهي في الثلاثاء، ٤ أغسطس ٢٠٢٦,Safari,2026-08-02 17:31:30,25.0,,,,,0.207,0.955,0.118,0.01,1.0,eaa327c08910ef3c,6e231208-42c6-4885-8ee0-026e2999624a,78.0,90,99.0,100.0,aggregated_bulk_flyer_data_unified_02_08.xlsx,100.0,False,,,,,78.0,96.0,,,,91.0,99.0,,,,,,,,,ألبان وأجبان,,ملابس وأحذية,ملابس رجالي,بنطلون جينز,0.52,FUZZY,EN,True,الفئة الناتجة (ملابس وأحذية) تخالف خانة الفئة المدخلة (ألبان وأجبان) التي توحي بـ «أطعمة -الألبان ومنتجاتها»,,,,,,
Safari,ينتهي في الثلاثاء، ٤ أغسطس ٢٠٢٦,,2026-08-02 14:47:30,Clothes and shoes,,Boys R/Neck T Shirt Asstd,تي شيرت للاولاد,Children's Clothing Offers,,49.0,34.0,30,AED,,page_28.jpg,flyer_20836,,,90,,,,,,,,,classified_products_v2_final.xlsx,,,,20836,٤ أغسطس ٢٠٢٦,ينتهي في الثلاثاء، ٤ أغسطس ٢٠٢٦,Safari,2026-08-02 17:31:30,15.0,,,,,0.815,0.22,0.0920000000000001,0.01,1.0,c877c7954851cc64,6e231208-42c6-4885-8ee0-026e2999624a,72.0,90,99.0,100.0,aggregated_bulk_flyer_data_unified_02_08.xlsx,100.0,False,,,,,72.0,84.0,,,,92.0,99.0,,,,,,,,,,,ملابس وأحذية,ملابس عامة,تي شيرت,0.95,FUZZY,AR,True,الفئة الناتجة (ملابس وأحذية) تخالف خانة الفئة المدخلة (nan) التي توحي بـ «nan»,,,,,,
Safari,ينتهي في الثلاثاء، ٤ أغسطس ٢٠٢٦,,2026-08-02 14:47:31,Clothes and shoes,,Infant Casual Shirt Asstd,قميص اطفال كاجوال,,,,34.0,0,AED,كمية محدودة,page_29.jpg,flyer_20836,,,82,,,,,,,,,classified_products_v2_final.xlsx,,,,20836,٤ أغسطس ٢٠٢٦,ينتهي في الثلاثاء، ٤ أغسطس ٢٠٢٦,Safari,2026-08-02 17:31:35,,,,,,0.228,0.212,0.122,0.013,1.0,bf92a7bec5bf84bb,8d2dd3a7-9eaa-4d80-aa26-038f150a98ca,62.0,82,65.0,,aggregated_bulk_flyer_data_unified_02_08.xlsx,100.0,False,,,,,62.0,81.0,,,,,65.0,,,,,,,,,Infant,,ملابس وأحذية,ملابس عامة,قميص,0.85,FUZZY,AR,False,,,,,,,
Safari,ينتهي في الثلاثاء، ٤ أغسطس ٢٠٢٦,UAE,2026-08-02 14:46:59,Foods - oils and fats,Lurpak,Lurpak Unsalted Butter 400gmx2pcs,زبده لورباك غير مملحه,THE LARGEST HYPERMARKET IN UAE,400gmx2pcs,,35.0,0,AED,,page_9.jpg,flyer_20836,,,83,,,,,,,,,classified_products_v2_final.xlsx,,,,20836,٤ أغسطس ٢٠٢٦,ينتهي في الثلاثاء، ٤ أغسطس ٢٠٢٦,Safari,2026-08-02 17:40:04,,,,,,0.047,0.488,0.138,0.014,1.0,85d14e359c55a952,bf5646bd-8e99-4afb-9dab-82c079882617,64.0,83,75.0,,aggregated_bulk_flyer_data_unified_02_08.xlsx,100.0,False,,,,,64.0,84.0,66.0,,99.0,,75.0,,,,,,,,,زيوت وسمن,,أطعمة -زيوت ودهون,زبدة,زبدة خليط,0.965,CATALOG_OVERRIDE,AR,False,,,,,,,
Safari,ينتهي في الثلاثاء، ٤ أغسطس ٢٠٢٦,UAE,2026-08-02 14:47:27,Furniture and textiles,,Window Curtain 140 x 300cm 1Pc Asstd,ستاره النافذه,THE LARGEST HYPERMARKET IN UAE,1Pc,,35.0,0,AED,,page_25.jpg,flyer_20836,,,78,,,,,,,,,classified_products_v2_final.xlsx,,,,20836,٤ أغسطس ٢٠٢٦,ينتهي في الثلاثاء، ٤ أغسطس ٢٠٢٦,Safari,2026-08-02 17:25:41,,,,,,0.385,0.9000000000000001,0.078,0.012,1.0,28354133cdb5d4a3,5a91276b-89d9-43d6-8fdd-eba0d12149f9,78.0,78,97.0,,aggregated_bulk_flyer_data_unified_02_08.xlsx,100.0,False,,,,,78.0,83.0,,,82.0,,97.0,,,,,,,,,,,مفروشات ومنسوجات,ستائر,ستارة,1.0,RULE,AR,False,,,,,,,
Safari,ينتهي في الثلاثاء، ٤ أغسطس ٢٠٢٦,,2026-08-02 14:47:24,Household cleaners,,Car Washer,غسيل السيارات,SHOPPING BONANZA,,57.0,35.0,38,AED,,page_22.jpg,flyer_20836,,,80,,,,,,,,,classified_products_v2_final.xlsx,,,,20836,٤ أغسطس ٢٠٢٦,ينتهي في الثلاثاء، ٤ أغسطس ٢٠٢٦,Safari,2026-08-02 17:23:31,,,,,,0.73712,0.9102,0.0857345454545454,0.012428,1.0,3b0c23f05379c703,dccd2266-b1c2-4a4b-83bb-f2cb72f7327c,79.0,80,95.0,,aggregated_bulk_flyer_data_unified_02_08.xlsx,100.0,False,,,,,79.0,89.0,,,,77.0,95.0,,,,,,,,,منظفات,,منظفات منزلية,منظفات متخصصة,منظف عام,0.95,FUZZY,OCR_STRONG,False,,,,,,,
Safari,ينتهي في الثلاثاء، ٤ أغسطس ٢٠٢٦,,2026-08-02 14:47:24,Kitchen (cooking utensils),,Fry Pan,مقلاه,SHOPPING BONANZA,,50.0,35.0,30,AED,,page_22.jpg,flyer_20836,,,80,,,,,,,,,classified_products_v2_final.xlsx,,,,20836,٤ أغسطس ٢٠٢٦,ينتهي في الثلاثاء، ٤ أغسطس ٢٠٢٦,Safari,2026-08-02 17:23:31,,,,,,0.7489454545454546,0.252472,0.0394181818181818,0.012428,1.0,5c1df4af617e04f4,dccd2266-b1c2-4a4b-83bb-f2cb72f7327c,67.0,80,84.0,,aggregated_bulk_flyer_data_unified_02_08.xlsx,100.0,False,,,,,67.0,76.0,,,,68.0,84.0,,,,,,,,,,,مطبخ (أدوات طهي),حلل ومقالي,مقلاة,0.85,FUZZY,AR,True,الفئة الناتجة (مطبخ (أدوات طهي)) تخالف خانة الفئة المدخلة (nan) التي توحي بـ «nan»,,,,,,
Safari,ينتهي في الثلاثاء، ٤ أغسطس ٢٠٢٦,,2026-08-02 14:46:47,Food - fresh meat,,Indian Mutton,لحم ضان هندي,SHOPPING BONANZA,1 KG,,38.75,0,AED,,page_4.jpg,flyer_20836,,,80,,,,,,,,,classified_products_v2_final.xlsx,,,,20836,٤ أغسطس ٢٠٢٦,ينتهي في الثلاثاء، ٤ أغسطس ٢٠٢٦,Safari,2026-08-02 17:33:28,,,,,2024-08-02,0.735,0.278,0.0869999999999999,0.0119999999999999,1.0,182d5680650dd83d,effe070d-90c5-4f9d-a9ea-cd102682343d,84.0,80,94.0,,aggregated_bulk_flyer_data_unified_02_08.xlsx,100.0,False,,,,,84.0,92.0,,,97.0,,94.0,,,,,,,,,Meat,,أطعمة -لحوم طازجة,لحوم كندوز وبتلو,لحم بتلو,0.97,RULE_FUZZY,AR,False,,,,,,,
Safari,ينتهي في الثلاثاء، ٤ أغسطس ٢٠٢٦,,2026-08-02 14:47:36,Bags and accessories,,Ladies Shoudle Bag Asstd.,Ladies Shoudle Bag Asstd.,SAFARI BONVOY BAGGAGE EXPO 2026,,60.0,39.0,35,AED,,page_33.jpg,flyer_20836,,,74,,,,,,,,,classified_products_v2_final.xlsx,,,,20836,٤ أغسطس ٢٠٢٦,ينتهي في الثلاثاء، ٤ أغسطس ٢٠٢٦,Safari,2026-08-02 17:31:13,21.0,,,,,0.3531272727272727,0.7714840000000001,0.1200727272727273,0.0098639999999998,1.0,d523fe61a42f033e,04f126e8-a247-4f60-8006-8a00553fff47,75.0,74,83.0,,aggregated_bulk_flyer_data_unified_02_08.xlsx,100.0,False,,,,,,75.0,,,,71.0,83.0,,,,,,,,,Bags,,شنط واكسسوارات,,,0.15,OCR_ONLY,OCR+EN,True,,,,,,,
Safari,ينتهي في الثلاثاء، ٤ أغسطس ٢٠٢٦,,2026-08-02 14:47:36,Bags and accessories,,Ladies Backpack Asstd.,Ladies Backpack Asstd.,SAFARI BONVOY BAGGAGE EXPO 2026,,59.0,39.0,33,AED,,page_33.jpg,flyer_20836,,,74,,,,,,,,,classified_products_v2_final.xlsx,,,,20836,٤ أغسطس ٢٠٢٦,ينتهي في الثلاثاء، ٤ أغسطس ٢٠٢٦,Safari,2026-08-02 17:31:13,20.0,,,,,0.5658545454545454,0.497758,0.1049454545454547,0.0098639999999999,1.0,d8b960712b38fd5c,04f126e8-a247-4f60-8006-8a00553fff47,77.0,74,82.0,,aggregated_bulk_flyer_data_unified_02_08.xlsx,100.0,False,,,,,,77.0,,,,67.0,82.0,,,,,,,,,Bags,,شنط واكسسوارات,,,0.15,OCR_ONLY,OCR+EN,True,,,,,,,
Safari,ينتهي في الثلاثاء، ٤ أغسطس ٢٠٢٦,,2026-08-02 14:47:39,Mobile and computer devices,Modio,Modio MW20 Mini Smart Watch Asstd.,ساعه اطفال,SHOPPING BONANZA,,59.0,39.0,33,AED,,page_36.jpg,flyer_20836,,,80,,,,,,,,,classified_products_v2_final.xlsx,,,,20836,٤ أغسطس ٢٠٢٦,ينتهي في الثلاثاء، ٤ أغسطس ٢٠٢٦,Safari,2026-08-02 17:33:25,20.0,,,,,0.265,0.9000000000000001,0.058,0.01,1.0,febb33a323cb5095,a753964a-fc06-4c86-8739-442c82f7815e,77.0,80,98.0,,aggregated_bulk_flyer_data_unified_02_08.xlsx,100.0,False,,,,,77.0,84.0,67.0,,,86.0,98.0,,,,,,,,,Smart Watch,,أجهزة موبايل وكمبيوتر,أجهزة ذكية ومحمول,ساعة ذكية,0.732,FUZZY,AR,False,,,,,,,
Safari,ينتهي في الثلاثاء، ٤ أغسطس ٢٠٢٦,SHARJAH - UAE,2026-08-02 14:47:32,Clothes and shoes,Falcon,Falcon Mens Arabic Slippers Asstd,شبشب عربيه رجاليه,Footwear Offers,,,39.0,0,AED,,page_30.jpg,flyer_20836,,,83,,,,,,,,,classified_products_v2_final.xlsx,,,,20836,٤ أغسطس ٢٠٢٦,ينتهي في الثلاثاء، ٤ أغسطس ٢٠٢٦,SAFARI,2026-08-02 17:29:05,,,,,,0.037,0.693,0.16,0.019,1.0,e30a0b82079f14a3,e946d76c-1434-4c83-8f0b-c01e29340df2,83.0,83,88.0,,aggregated_bulk_flyer_data_unified_02_08.xlsx,100.0,False,,,,,83.0,91.0,,,,,88.0,,,,,,,,,Footwear,,ملابس وأحذية,أحذية,شبشب,0.85,FUZZY,AR,False,,,,,,,
Safari,ينتهي في الثلاثاء، ٤ أغسطس ٢٠٢٦,,2026-08-02 14:47:28,,,Mens Cargo Shorts Asstd,شورت رجالي كارجو,YOU'RE THE MAN,,45.0,39.0,13,AED,,page_26.jpg,flyer_20836,,,87,,,,,,,,,classified_products_v2_final.xlsx,,,,20836,٤ أغسطس ٢٠٢٦,ينتهي في الثلاثاء، ٤ أغسطس ٢٠٢٦,BASICS,2026-08-02 17:25:36,,,,,,0.505,0.947,0.112,0.011,1.0,ba3ab52ed431b49f,fe32b1b6-0a7b-43a3-833d-1801425c3f2c,82.0,87,97.0,,aggregated_bulk_flyer_data_unified_02_08.xlsx,100.0,False,,,,,82.0,98.0,,,,99.0,97.0,,,,,,,,,,,,,,0.15,OCR_ONLY,OCR+EN,True,,,,,,,
Safari,ينتهي في الثلاثاء، ٤ أغسطس ٢٠٢٦,,2026-08-02 14:47:30,Clothes and shoes,,Girls 2Pc Asstd,فستان بناتي,Children's Clothing Offers,,64.0,39.0,39,AED,,page_28.jpg,flyer_20836,,,90,,,,,,,,,classified_products_v2_final.xlsx,,,,20836,٤ أغسطس ٢٠٢٦,ينتهي في الثلاثاء، ٤ أغسطس ٢٠٢٦,Safari,2026-08-02 17:31:30,25.0,,,,,0.835,0.71,0.07,0.01,1.0,a901d095293908e7,6e231208-42c6-4885-8ee0-026e2999624a,78.0,90,96.0,100.0,aggregated_bulk_flyer_data_unified_02_08.xlsx,100.0,False,,,,,78.0,79.0,,,,98.0,96.0,,,,,,,,,,,ملابس وأحذية,ملابس نسائي,فستان,0.85,FUZZY,AR,True,الفئة الناتجة (ملابس وأحذية) تخالف خانة الفئة المدخلة (nan) التي توحي بـ «nan»,,,,,,
Safari,ينتهي في الثلاثاء، ٤ أغسطس ٢٠٢٦,,2026-08-02 14:47:29,,,Ladies Churidhar Material Asstd,قماش تشوريدار نسايي,Timeless Beauty Endless Charm Explore our latest collection of ladies fashion accessories crafted for every occasion and every mood.,,44.0,39.0,11,AED,,page_27.jpg,flyer_20836,,,79,,,,,,,,,classified_products_v2_final.xlsx,,,,20836,٤ أغسطس ٢٠٢٦,ينتهي في الثلاثاء، ٤ أغسطس ٢٠٢٦,Safari,2026-08-02 17:25:31,,,,,,0.5632,0.8258980000000001,0.1248,0.0137159999999997,1.0,e2dba1a50f2aabb0,aa45d73f-1631-4752-a01f-3d0456f1d4e3,81.0,79,94.0,,aggregated_bulk_flyer_data_unified_02_08.xlsx,100.0,False,,,,,81.0,86.0,,,,95.0,94.0,,,,,,,,,,,,,,0.15,OCR_ONLY,OCR+EN,True,,,,,,,
Safari,ينتهي في الثلاثاء، ٤ أغسطس ٢٠٢٦,,2026-08-02 14:47:30,Clothes and shoes,,Boys Casual Shirt Asstd,قميص كاجوال للاولاد,Children's Clothing Offers,,59.0,39.0,33,AED,,page_28.jpg,flyer_20836,,,90,,,,,,,,,classified_products_v2_final.xlsx,,,,20836,٤ أغسطس ٢٠٢٦,ينتهي في الثلاثاء، ٤ أغسطس ٢٠٢٦,Safari,2026-08-02 17:31:30,20.0,,,,,0.198,0.22,0.127,0.01,1.0,ea5c6ecea340952a,6e231208-42c6-4885-8ee0-026e2999624a,64.0,90,66.0,68.0,aggregated_bulk_flyer_data_unified_02_08.xlsx,100.0,False,,,,,64.0,76.0,,,,58.0,66.0,,,,,,,,,,,ملابس وأحذية,ملابس عامة,قميص,0.85,FUZZY,AR,True,الفئة الناتجة (ملابس وأحذية) تخالف خانة الفئة المدخلة (nan) التي توحي بـ «nan»,,,,,,
Safari,ينتهي في الثلاثاء، ٤ أغسطس ٢٠٢٦,,2026-08-02 14:47:31,Baby (supplies),,Baby Walker Asstd,مشايه اطفال,,,,39.0,0,AED,كمية محدودة,page_29.jpg,flyer_20836,,,82,,,,,,,,,classified_products_v2_final.xlsx,,,,20836,٤ أغسطس ٢٠٢٦,ينتهي في الثلاثاء، ٤ أغسطس ٢٠٢٦,Safari,2026-08-02 17:31:35,,,,,,0.82,0.9710000000000002,0.066,0.0129999999999998,1.0,853783bc9ad8c61a,8d2dd3a7-9eaa-4d80-aa26-038f150a98ca,76.0,82,89.0,,aggregated_bulk_flyer_data_unified_02_08.xlsx,100.0,False,,,,,76.0,89.0,,,,,89.0,,,,,,,,,Baby,,البيبي (مستلزمات),تنقل وأمان,مشايه اطفال,0.85,FUZZY,AR,False,,,,,,,
Safari,ينتهي في الثلاثاء، ٤ أغسطس ٢٠٢٦,,2026-08-02 14:47:41,Furniture,Impex,Impex iB201 Heavy Iron,مكواه,SHOPPING BONANZA,1.5KG,69.0,39.0,43,AED,,page_38.jpg,flyer_20836,,,73,,,,,,,,,classified_products_v2_final.xlsx,,,,20836,٤ أغسطس ٢٠٢٦,ينتهي في الثلاثاء، ٤ أغسطس ٢٠٢٦,SHOPPING BONANZA,2026-08-02 17:32:55,30.0,,,,,0.025,0.332,0.035,0.0099999999999999,1.0,14178f9ab95ab61b,904f7961-faaa-4d9d-b0a2-f68e3138d38d,64.0,73,73.0,,aggregated_bulk_flyer_data_unified_02_08.xlsx,100.0,False,,,,,64.0,80.0,67.0,,65.0,61.0,73.0,,,,,,,,,Iron,,الأثاث,ترابيزات,ترابيزة مكواة,0.65,FUZZY,AR,True,,,,,,,
Safari,ينتهي في الثلاثاء، ٤ أغسطس ٢٠٢٦,UAE,2026-08-02 14:47:27,,,Comforter King Printed 1Pc Asstd,لحف كينج,THE LARGEST HYPERMARKET IN UAE,1Pc,,45.0,0,AED,,page_25.jpg,flyer_20836,,,78,,,,,,,,,classified_products_v2_final.xlsx,,,,20836,٤ أغسطس ٢٠٢٦,ينتهي في الثلاثاء، ٤ أغسطس ٢٠٢٦,Safari,2026-08-02 17:25:41,,,,,,0.082,0.609,0.058,0.011,1.0,233ebae065645d3b,5a91276b-89d9-43d6-8fdd-eba0d12149f9,66.0,78,76.0,,aggregated_bulk_flyer_data_unified_02_08.xlsx,100.0,False,,,,,66.0,72.0,,,74.0,,76.0,,,,,,,,,,,,,,0.15,OCR_ONLY,OCR+EN,True,,,,,,,
Safari,ينتهي في الثلاثاء، ٤ أغسطس ٢٠٢٦,,2026-08-02 14:47:36,Bags and accessories,,Ladies Hand Bag Asstd.,Ladies Hand Bag Asstd.,SAFARI BONVOY BAGGAGE EXPO 2026,,59.0,49.0,16,AED,,page_33.jpg,flyer_20836,,,74,,,,,,,,,classified_products_v2_final.xlsx,,,,20836,٤ أغسطس ٢٠٢٦,ينتهي في الثلاثاء، ٤ أغسطس ٢٠٢٦,Safari,2026-08-02 17:31:13,10.0,,,,,0.3531272727272727,0.968764,0.1058909090909091,0.009864,1.0,9a13963b48390da5,04f126e8-a247-4f60-8006-8a00553fff47,84.0,74,95.0,,aggregated_bulk_flyer_data_unified_02_08.xlsx,100.0,False,,,,,,84.0,,,,76.0,95.0,,,,,,,,,Bags,,شنط واكسسوارات,حقائب,شنطة يد,0.95,FUZZY,EN,False,,,,,,,
Safari,ينتهي في الثلاثاء، ٤ أغسطس ٢٠٢٦,,2026-08-02 14:47:30,Clothes and shoes,,Boys Baggy Trouser Asstd,بنطال فضفاض,Children's Clothing Offers,,74.0,49.0,33,AED,,page_28.jpg,flyer_20836,,,90,,,,,,,,,classified_products_v2_final.xlsx,,,,20836,٤ أغسطس ٢٠٢٦,ينتهي في الثلاثاء، ٤ أغسطس ٢٠٢٦,Safari,2026-08-02 17:31:30,25.0,,,,,0.506,0.465,0.0809999999999999,0.01,1.0,7e2d3126a1438dc7,6e231208-42c6-4885-8ee0-026e2999624a,80.0,90,100.0,100.0,aggregated_bulk_flyer_data_unified_02_08.xlsx,100.0,False,,,,,80.0,90.0,,,,96.0,100.0,,,,,,,,,,,ملابس وأحذية,ملابس أطفال,ملابس أطفال,0.481,FUZZY,AR+PROMO,True,الفئة الناتجة (ملابس وأحذية) تخالف خانة الفئة المدخلة (nan) التي توحي بـ «nan»,,,,,,
Safari,ينتهي في الثلاثاء، ٤ أغسطس ٢٠٢٦,,2026-08-02 14:47:28,,,Mens Formal Trouser Asstd,بنطلون رسمي رجالي,YOU'RE THE MAN,,85.0,49.0,42,AED,,page_26.jpg,flyer_20836,,,87,,,,,,,,,classified_products_v2_final.xlsx,,,,20836,٤ أغسطس ٢٠٢٦,ينتهي في الثلاثاء، ٤ أغسطس ٢٠٢٦,BASICS,2026-08-02 17:25:36,,,,,,0.505,0.699,0.13,0.012,1.0,5ff7b3f9f395484c,fe32b1b6-0a7b-43a3-833d-1801425c3f2c,81.0,87,99.0,,aggregated_bulk_flyer_data_unified_02_08.xlsx,100.0,False,,,,,81.0,98.0,,,,99.0,99.0,,,,,,,,,,,,,,0.15,OCR_ONLY,OCR+EN,True,,,,,,,
Safari,ينتهي في الثلاثاء، ٤ أغسطس ٢٠٢٦,,2026-08-02 14:47:39,Mobile and computer devices,Boat,Boat Beat Airdopes Black,سماعه الاذن لاسلكيه,SHOPPING BONANZA,,89.0,49.0,44,AED,,page_36.jpg,flyer_20836,,,80,,,,,,,,,classified_products_v2_final.xlsx,,,,20836,٤ أغسطس ٢٠٢٦,ينتهي في الثلاثاء، ٤ أغسطس ٢٠٢٦,Safari,2026-08-02 17:33:25,40.0,,,,,0.03,0.9000000000000001,0.121,0.01,1.0,fd9e712b883c225b,a753964a-fc06-4c86-8739-442c82f7815e,77.0,80,98.0,,aggregated_bulk_flyer_data_unified_02_08.xlsx,100.0,False,,,,,77.0,85.0,64.0,,,79.0,98.0,,,,,,,,,Airdopes,,أجهزة موبايل وكمبيوتر,سماعات,إيربودز,0.836,FUZZY,AR,False,,,,,,,
Safari,ينتهي في الثلاثاء، ٤ أغسطس ٢٠٢٦,,2026-08-02 14:47:17,Personal care,Davidoff,Davidoff Cool Water Women 100MI-1Pc,دافيدوف كول ووتر,Perfume Fest,1Pc,,57.0,0,AED,,page_18.jpg,flyer_20836,,,86,,,,,,,,,classified_products_v2_final.xlsx,,,,20836,٤ أغسطس ٢٠٢٦,ينتهي في الثلاثاء، ٤ أغسطس ٢٠٢٦,Safari,2026-08-02 17:19:14,,,,,,0.0174927272727272,0.4120453333333333,0.1088436363636364,0.0098346666666667,1.0,cd249fcb785fa844,f6a77c35-1854-42c3-9e4f-35183fbf91ef,53.0,86,72.0,,aggregated_bulk_flyer_data_unified_02_08.xlsx,100.0,False,,,,,53.0,70.0,80.0,,77.0,,72.0,,,,,,,,,Perfume,,العناية الشخصية,عطور ومزيلات,عطر,1.0,RULE,AR+PROMO,False,,,,,,,
Safari,ينتهي في الثلاثاء، ٤ أغسطس ٢٠٢٦,,2026-08-02 14:47:36,Bags and accessories,,Ladies Hand Bag 3pcs Set Asstd.,Ladies Hand Bag 3pcs Set Asstd.,SAFARI BONVOY BAGGAGE EXPO 2026,3 PCS SET,99.0,59.0,40,AED,,page_33.jpg,flyer_20836,,,74,,,,,,,,,classified_products_v2_final.xlsx,,,,20836,٤ أغسطس ٢٠٢٦,ينتهي في الثلاثاء، ٤ أغسطس ٢٠٢٦,Safari,2026-08-02 17:31:13,40.0,,,,,0.048690909090909,0.215812,0.1503272727272727,0.0098639999999999,1.0,012f571d7985de0a,04f126e8-a247-4f60-8006-8a00553fff47,61.0,74,66.0,,aggregated_bulk_flyer_data_unified_02_08.xlsx,100.0,False,,,,,,61.0,,,,71.0,66.0,,,,,,,,,Bags,,شنط واكسسوارات,حقائب,شنطة يد,0.95,FUZZY,EN,False,,,,,,,
Safari,ينتهي في الثلاثاء، ٤ أغسطس ٢٠٢٦,,2026-08-02 14:47:28,Clothes and shoes,,Mens Baggy Jeans Asstd,بنطال رجالي فضفاض,YOU'RE THE MAN,,74.0,59.0,20,AED,,page_26.jpg,flyer_20836,,,87,,,,,,,,,classified_products_v2_final.xlsx,,,,20836,٤ أغسطس ٢٠٢٦,ينتهي في الثلاثاء، ٤ أغسطس ٢٠٢٦,BASICS,2026-08-02 17:25:36,,,,,,0.195,0.7,0.13,0.011,1.0,a25b83cf0aaa60b4,fe32b1b6-0a7b-43a3-833d-1801425c3f2c,83.0,87,95.0,,aggregated_bulk_flyer_data_unified_02_08.xlsx,100.0,False,,,,,83.0,92.0,,,,94.0,95.0,,,,,,,,,,,ملابس وأحذية,ملابس رجالي,بنطلون جينز,0.533,FUZZY,AR,True,الفئة الناتجة (ملابس وأحذية) تخالف خانة الفئة المدخلة (nan) التي توحي بـ «nan»,,,,,,
Safari,ينتهي في الثلاثاء، ٤ أغسطس ٢٠٢٦,,2026-08-02 14:47:29,Furniture and textiles,,Ladies Cotton Churidhar Dupatta Set Asstd,بنطلون قطني نسايي,Timeless Beauty Endless Charm Explore our latest collection of ladies fashion accessories crafted for every occasion and every mood.,,84.0,59.0,29,AED,,page_27.jpg,flyer_20836,,,79,,,,,,,,,classified_products_v2_final.xlsx,,,,20836,٤ أغسطس ٢٠٢٦,ينتهي في الثلاثاء، ٤ أغسطس ٢٠٢٦,Safari,2026-08-02 17:25:31,,,,,,0.5710000000000001,0.499,0.12324,0.013716,1.0,f7612136a75a4f56,aa45d73f-1631-4752-a01f-3d0456f1d4e3,73.0,79,97.0,,aggregated_bulk_flyer_data_unified_02_08.xlsx,100.0,False,,,,,73.0,88.0,,,,90.0,97.0,,,,,,,,,,,مفروشات ومنسوجات,أغطية وملاءات,ملاية سرير,0.493,FUZZY,EN,True,الفئة الناتجة (مفروشات ومنسوجات) تخالف خانة الفئة المدخلة (nan) التي توحي بـ «nan»,,,,,,
Safari,ينتهي في الثلاثاء، ٤ أغسطس ٢٠٢٦,,2026-08-02 14:47:33,Bags and accessories,,LED Laptop Backpack Asstd.,حقيبه ظهر,,Each,,59.0,0,AED,,page_31.jpg,flyer_20836,,,88,,,,,,,,,classified_products_v2_final.xlsx,,,,20836,٤ أغسطس ٢٠٢٦,ينتهي في الثلاثاء، ٤ أغسطس ٢٠٢٦,Lulu,2026-08-02 17:29:26,,,,,,0.744,0.621,0.0839999999999999,0.015,1.0,56f687f08d2fdc75,315245bc-b787-4a5a-8218-49b797705ed7,78.0,88,89.0,,aggregated_bulk_flyer_data_unified_02_08.xlsx,100.0,False,,,,,78.0,86.0,,,,,89.0,,,,,,,,,Backpacks,,شنط واكسسوارات,حقائب,شنطة يد,0.95,FUZZY,AR,False,,,,,,,
Safari,ينتهي في الثلاثاء، ٤ أغسطس ٢٠٢٦,,2026-08-02 14:47:31,Clothes and shoes,,Infant Boys 2Pcs Set Asstd,فستان اطفال,,,,59.0,0,AED,كمية محدودة,page_29.jpg,flyer_20836,,,82,,,,,,,,,classified_products_v2_final.xlsx,,,,20836,٤ أغسطس ٢٠٢٦,ينتهي في الثلاثاء، ٤ أغسطس ٢٠٢٦,Safari,2026-08-02 17:31:35,,,,,,0.228,0.4780000000000001,0.08,0.013,1.0,17066db8550e6dd6,8d2dd3a7-9eaa-4d80-aa26-038f150a98ca,74.0,82,84.0,,aggregated_bulk_flyer_data_unified_02_08.xlsx,100.0,False,,,,,74.0,92.0,,,,,84.0,,,,,,,,,Infant,,ملابس وأحذية,ملابس نسائي,فستان,0.85,FUZZY,AR,False,,,,,,,
Safari,ينتهي في الثلاثاء، ٤ أغسطس ٢٠٢٦,,2026-08-02 14:47:30,Clothes and shoes,,Boys 3Pc Set Asstd,فستان فضفاض,Children's Clothing Offers,,84.0,59.0,29,AED,,page_28.jpg,flyer_20836,,,90,,,,,,,,,classified_products_v2_final.xlsx,,,,20836,٤ أغسطس ٢٠٢٦,ينتهي في الثلاثاء، ٤ أغسطس ٢٠٢٦,Safari,2026-08-02 17:31:30,25.0,,,,,0.198,0.465,0.0899999999999999,0.01,1.0,36bede9db4d1a772,6e231208-42c6-4885-8ee0-026e2999624a,69.0,90,90.0,97.0,aggregated_bulk_flyer_data_unified_02_08.xlsx,100.0,False,,,,,69.0,84.0,,,,72.0,90.0,,,,,,,,,,,ملابس وأحذية,ملابس نسائي,فستان,0.85,FUZZY,AR,True,الفئة الناتجة (ملابس وأحذية) تخالف خانة الفئة المدخلة (nan) التي توحي بـ «nan»,,,,,,
Safari,ينتهي في الثلاثاء، ٤ أغسطس ٢٠٢٦,,2026-08-02 14:47:28,Clothes and shoes,,Mens Casual Shirt Asstd,قميص رجالي كاجوال,YOU'RE THE MAN,,,59.0,0,AED,,page_26.jpg,flyer_20836,,,87,,,,,,,,,classified_products_v2_final.xlsx,,,,20836,٤ أغسطس ٢٠٢٦,ينتهي في الثلاثاء، ٤ أغسطس ٢٠٢٦,BASICS,2026-08-02 17:25:36,,,,,,0.505,0.212,0.13,0.011,1.0,06413bff195f306b,fe32b1b6-0a7b-43a3-833d-1801425c3f2c,79.0,87,91.0,,aggregated_bulk_flyer_data_unified_02_08.xlsx,100.0,False,,,,,79.0,95.0,,,,86.0,91.0,,,,,,,,,,,ملابس وأحذية,ملابس رجالي,قميص رجالي,0.85,FUZZY,AR,True,الفئة الناتجة (ملابس وأحذية) تخالف خانة الفئة المدخلة (nan) التي توحي بـ «nan»,,,,,,
Safari,ينتهي في الثلاثاء، ٤ أغسطس ٢٠٢٦,,2026-08-02 14:47:24,Kitchen (cooking utensils),Prestige,Prestige Ultra 31cm Flat Tawa With Pan Holder,مقلاه توا,SHOPPING BONANZA,,121.0,59.0,51,AED,,page_22.jpg,flyer_20836,,,80,,,,,,,,,classified_products_v2_final.xlsx,,,,20836,٤ أغسطس ٢٠٢٦,ينتهي في الثلاثاء، ٤ أغسطس ٢٠٢٦,Safari,2026-08-02 17:23:31,,,,,,0.4927272727272727,0.477132,0.0443454545454546,0.0114719999999999,1.0,c220b02352981e8d,dccd2266-b1c2-4a4b-83bb-f2cb72f7327c,68.0,80,81.0,,aggregated_bulk_flyer_data_unified_02_08.xlsx,100.0,False,,,,,68.0,80.0,72.0,,,76.0,81.0,,,,,,,,,,,مطبخ (أدوات طهي),حلل ومقالي,مقلاة,0.85,FUZZY,AR,True,الفئة الناتجة (مطبخ (أدوات طهي)) تخالف خانة الفئة المدخلة (nan) التي توحي بـ «nan»,,,,,,
Safari,ينتهي في الثلاثاء، ٤ أغسطس ٢٠٢٦,UAE,2026-08-02 14:47:27,Furniture and textiles,,Furrug Fleece Blanket 200 x 230cm Asstd,بطانيه صوفيه من الفرو,THE LARGEST HYPERMARKET IN UAE,,,60.0,0,AED,,page_25.jpg,flyer_20836,,,78,,,,,,,,,classified_products_v2_final.xlsx,,,,20836,٤ أغسطس ٢٠٢٦,ينتهي في الثلاثاء، ٤ أغسطس ٢٠٢٦,Safari,2026-08-02 17:25:41,,,,,,0.69,0.9000000000000001,0.1100000000000001,0.012,1.0,16c7c304799e1608,5a91276b-89d9-43d6-8fdd-eba0d12149f9,76.0,78,81.0,,aggregated_bulk_flyer_data_unified_02_08.xlsx,100.0,False,,,,,76.0,83.0,,,,,81.0,,,,,,,,,لحوم ودواجن,,مفروشات ومنسوجات,بطاطين ولحف,بطانية,0.85,FUZZY,AR,True,الفئة الناتجة (مفروشات ومنسوجات) تخالف خانة الفئة المدخلة (لحوم ودواجن) التي توحي بـ «أطعمة -فراخ وطيور»,,,,,,
Safari,ينتهي في الثلاثاء، ٤ أغسطس ٢٠٢٦,UAE,2026-08-02 14:47:27,Furniture,,Bed Cover Quilt Double 3Pcs Set 220 x 240 Asstd,لحف سرير مزدوج,THE LARGEST HYPERMARKET IN UAE,3PCS Set,,64.0,0,AED,,page_25.jpg,flyer_20836,,,78,,,,,,,,,classified_products_v2_final.xlsx,,,,20836,٤ أغسطس ٢٠٢٦,ينتهي في الثلاثاء، ٤ أغسطس ٢٠٢٦,Safari,2026-08-02 17:25:41,,,,,,0.077,0.3180000000000001,0.108,0.012,1.0,02029a00ce49b175,5a91276b-89d9-43d6-8fdd-eba0d12149f9,58.0,78,62.0,,aggregated_bulk_flyer_data_unified_02_08.xlsx,100.0,False,,,,,58.0,69.0,,,57.0,,62.0,,,,,,,,,,,الأثاث,غرفة النوم,سرير,0.854,FUZZY,AR,True,الفئة الناتجة (الأثاث) تخالف خانة الفئة المدخلة (nan) التي توحي بـ «nan»,,,,,,
Safari,ينتهي في الثلاثاء، ٤ أغسطس ٢٠٢٦,,2026-08-02 14:47:35,Bags and accessories,Traveller,Traveller Travel Backpack Asstd.,حقيبه ظهر للسفر,BEST BUY,"24""",129.0,66.0,48,AED,,page_32.jpg,flyer_20836,,,84,,,,,,,,,classified_products_v2_final.xlsx,,,,20836,٤ أغسطس ٢٠٢٦,ينتهي في الثلاثاء، ٤ أغسطس ٢٠٢٦,BONTOY BAGGAGE EXPO 2026,2026-08-02 17:31:05,63.0,,,,,0.268,0.267,0.122,0.011,1.0,e3adaa40f10e9f5b,d2e7dd51-8436-4d14-95fb-367a0eccff6c,64.0,84,74.0,95.0,aggregated_bulk_flyer_data_unified_02_08.xlsx,100.0,False,,,,,64.0,79.0,68.0,,73.0,75.0,74.0,,,,,,,,,Backpack,,شنط واكسسوارات,حقائب,شنطة يد,0.926,FUZZY,AR,False,,,,,,,
Safari,ينتهي في الثلاثاء، ٤ أغسطس ٢٠٢٦,UAE,2026-08-02 14:47:27,Furniture and textiles,,Bedsheet Quilt Cover King 6Pcs Set Asstd,غطاء لحاف ملءه السرير,THE LARGEST HYPERMARKET IN UAE,6PCS Set,,69.0,0,AED,,page_25.jpg,flyer_20836,,,78,,,,,,,,,classified_products_v2_final.xlsx,,,,20836,٤ أغسطس ٢٠٢٦,ينتهي في الثلاثاء، ٤ أغسطس ٢٠٢٦,Safari,2026-08-02 17:25:41,,,,,,0.375,0.3180000000000001,0.132,0.012,1.0,506465df456cf739,5a91276b-89d9-43d6-8fdd-eba0d12149f9,70.0,78,82.0,,aggregated_bulk_flyer_data_unified_02_08.xlsx,100.0,False,,,,,70.0,80.0,,,81.0,,82.0,,,,,,,,,,,مفروشات ومنسوجات,بطاطين ولحف,لحاف,0.855,FUZZY,AR,True,الفئة الناتجة (مفروشات ومنسوجات) تخالف خانة الفئة المدخلة (nan) التي توحي بـ «nan»,,,,,,
Safari,ينتهي في الثلاثاء، ٤ أغسطس ٢٠٢٦,,2026-08-02 14:47:29,,,Ladies Denim Baggy Asstd,فضفاض نسايي بنطلون,Timeless Beauty Endless Charm Explore our latest collection of ladies fashion accessories crafted for every occasion and every mood.,,95.0,69.0,27,AED,,page_27.jpg,flyer_20836,,,79,,,,,,,,,classified_products_v2_final.xlsx,,,,20836,٤ أغسطس ٢٠٢٦,ينتهي في الثلاثاء، ٤ أغسطس ٢٠٢٦,Safari,2026-08-02 17:25:31,,,,,,0.24184,0.8258980000000001,0.12246,0.0137159999999997,1.0,dfb3f2fac2147696,aa45d73f-1631-4752-a01f-3d0456f1d4e3,71.0,79,92.0,,aggregated_bulk_flyer_data_unified_02_08.xlsx,100.0,False,,,,,71.0,80.0,,,,85.0,92.0,,,,,,,,,,,,,,0.15,OCR_ONLY,OCR+EN,True,,,,,,,
Safari,ينتهي في الثلاثاء، ٤ أغسطس ٢٠٢٦,,2026-08-02 14:47:33,Bags and accessories,HOODLEE,"Hoodlee ABS+PC Exp Hard Trolley Asstd. 21""",حقيبه سفر,,"21""",149.0,77.0,48,AED,,page_31.jpg,flyer_20836,,,88,,,,,,,,,classified_products_v2_final.xlsx,,,,20836,٤ أغسطس ٢٠٢٦,ينتهي في الثلاثاء، ٤ أغسطس ٢٠٢٦,Lulu,2026-08-02 17:29:26,72.0,,,,,0.0507054545454545,0.29966,0.0714763636363636,0.0122866666666666,1.0,9e1e6453b86db89d,315245bc-b787-4a5a-8218-49b797705ed7,100.0,88,100.0,100.0,aggregated_bulk_flyer_data_unified_02_08.xlsx,100.0,False,,,,,100.0,100.0,100.0,100.0,100.0,100.0,100.0,,,,,,,,,Luggage,,شنط واكسسوارات,حقائب,شنطة سفر,1.0,RULE,AR,False,,,,,,,
Safari,ينتهي في الثلاثاء، ٤ أغسطس ٢٠٢٦,,2026-08-02 14:47:36,Bags and accessories,Chrisbella,Chrisbella Ladies Hand Bag 2pcs Asstd.,Chrisbella Ladies Hand Bag 2pcs Asstd.,SAFARI BONVOY BAGGAGE EXPO 2026,,123.0,79.0,35,AED,,page_33.jpg,flyer_20836,,,74,,,,,,,,,classified_products_v2_final.xlsx,,,,20836,٤ أغسطس ٢٠٢٦,ينتهي في الثلاثاء، ٤ أغسطس ٢٠٢٦,Safari,2026-08-02 17:31:13,44.0,,,,,0.048690909090909,0.6325660000000001,0.1739636363636363,0.0098639999999998,1.0,c30aa143517b4d41,04f126e8-a247-4f60-8006-8a00553fff47,74.0,74,81.0,,aggregated_bulk_flyer_data_unified_02_08.xlsx,100.0,False,,,,,,74.0,76.0,,,62.0,81.0,,,,,,,,,Bags,,شنط واكسسوارات,حقائب,شنطة يد,0.95,FUZZY,EN,False,,,,,,,
Safari,ينتهي في الثلاثاء، ٤ أغسطس ٢٠٢٦,,2026-08-02 14:47:40,Television and audio equipment,Clikon,Clikon CK4042 Percussion Muscle Massager,جهاز تدليك العضلات,THE LARGEST HYPERMARKET IN UAE,,119.0,79.0,33,AED,,page_37.jpg,flyer_20836,,,80,,,,,,,,,classified_products_v2_final.xlsx,,,,20836,٤ أغسطس ٢٠٢٦,ينتهي في الثلاثاء، ٤ أغسطس ٢٠٢٦,Safari,2026-08-02 17:33:06,40.0,,,,,0.047,0.909,0.118,0.0140000000000001,1.0,d38e6eed49410b89,7f6b34c9-2132-49a0-8b4a-2156ec897610,71.0,80,94.0,,aggregated_bulk_flyer_data_unified_02_08.xlsx,100.0,False,,,,,71.0,81.0,72.0,,,83.0,94.0,,,,,,,,,Electronics,,أجهزة تليفزيون وصوتيات,,,0.15,OCR_ONLY,OCR+EN,True,,,,,,,
Safari,ينتهي في الثلاثاء، ٤ أغسطس ٢٠٢٦,,2026-08-02 14:47:39,,Mag,Mag 2004G Couple Watch Gold/Silver/Two-Tone Asstd.,ساعات ازواج سنيلي,SHOPPING BONANZA,2004 G,119.0,79.0,33,AED,,page_36.jpg,flyer_20836,,,80,,,,,,,,,classified_products_v2_final.xlsx,,,,20836,٤ أغسطس ٢٠٢٦,ينتهي في الثلاثاء، ٤ أغسطس ٢٠٢٦,Safari,2026-08-02 17:33:25,40.0,,,,,0.726,0.9000000000000001,0.1109999999999999,0.01,1.0,438319320caeb078,a753964a-fc06-4c86-8739-442c82f7815e,83.0,80,92.0,,aggregated_bulk_flyer_data_unified_02_08.xlsx,100.0,False,,,,,83.0,87.0,66.0,,,96.0,92.0,,,,,,,,,Watch,,,,,0.0,NONE,OCR+EN,True,,,,,,,
Safari,ينتهي في الثلاثاء، ٤ أغسطس ٢٠٢٦,,2026-08-02 14:47:31,games,,Baby Playmat Gym Asstd,صاله العاب للاطفال,,,,79.0,0,AED,كمية محدودة,page_29.jpg,flyer_20836,,,82,,,,,,,,,classified_products_v2_final.xlsx,,,,20836,٤ أغسطس ٢٠٢٦,ينتهي في الثلاثاء، ٤ أغسطس ٢٠٢٦,Safari,2026-08-02 17:31:35,,,,,,0.505,0.675,0.122,0.0129999999999999,1.0,ffb424d01ceb76fd,8d2dd3a7-9eaa-4d80-aa26-038f150a98ca,68.0,82,84.0,,aggregated_bulk_flyer_data_unified_02_08.xlsx,100.0,False,,,,,68.0,81.0,,,,,84.0,,,,,,,,,Baby,,ألعاب,ألعاب حركية,لعبة أطفال,0.854,FUZZY,AR,False,,,,,,,
Safari,ينتهي في الثلاثاء، ٤ أغسطس ٢٠٢٦,,2026-08-02 14:47:24,Kitchen (cooking utensils),Delcasa,Delcasa Aluminium Pressure Cooker 10 Ltr,صنجره ضغط المونيوم,SHOPPING BONANZA,10 LTR,199.0,79.0,60,AED,,page_22.jpg,flyer_20836,,,80,,,,,,,,,classified_products_v2_final.xlsx,,,,20836,٤ أغسطس ٢٠٢٦,ينتهي في الثلاثاء، ٤ أغسطس ٢٠٢٦,Safari,2026-08-02 17:23:31,,,,,,0.4631636363636363,0.25056,0.1281090909090909,0.012428,1.0,c545e6894e26c92e,dccd2266-b1c2-4a4b-83bb-f2cb72f7327c,61.0,80,79.0,,aggregated_bulk_flyer_data_unified_02_08.xlsx,100.0,False,,,,,61.0,71.0,62.0,,69.0,72.0,79.0,,,,,,,,,,,مطبخ (أدوات طهي),حلل ومقالي,حلة ضغط,0.844,FUZZY,EN,True,الفئة الناتجة (مطبخ (أدوات طهي)) تخالف خانة الفئة المدخلة (nan) التي توحي بـ «nan»,,,,,,
Safari,ينتهي في الثلاثاء، ٤ أغسطس ٢٠٢٦,,2026-08-02 14:47:39,Television and audio equipment,Ezviz,Ezviz CP1 Pro 4mp Indoor Pan & Tilt Smart Home Camera,كاميرا منزليه ذكيه,SHOPPING BONANZA,,120.0,79.0,34,AED,,page_36.jpg,flyer_20836,,,80,,,,,,,,,classified_products_v2_final.xlsx,,,,20836,٤ أغسطس ٢٠٢٦,ينتهي في الثلاثاء، ٤ أغسطس ٢٠٢٦,Safari,2026-08-02 17:33:25,41.0,,,,,0.356,0.675,0.1110000000000001,0.01,1.0,6b22811f315098a4,a753964a-fc06-4c86-8739-442c82f7815e,78.0,80,92.0,,aggregated_bulk_flyer_data_unified_02_08.xlsx,100.0,False,,,,,78.0,83.0,74.0,,,83.0,92.0,,,,,,,,,Camera,,أجهزة تليفزيون وصوتيات,أجهزة متخصصة,كاميرا رقمية,0.837,FUZZY,AR,False,,,,,,,
Safari,ينتهي في الثلاثاء، ٤ أغسطس ٢٠٢٦,,2026-08-02 14:47:41,Home appliances,Midea,Midea FS4019K Stand Fan,مروحه عموديه,SHOPPING BONANZA,16INCH,,79.0,0,AED,,page_38.jpg,flyer_20836,,,73,,,,,,,,,classified_products_v2_final.xlsx,,,,20836,٤ أغسطس ٢٠٢٦,ينتهي في الثلاثاء، ٤ أغسطس ٢٠٢٦,SHOPPING BONANZA,2026-08-02 17:32:55,,,,,,0.84,0.31,0.085,0.012,1.0,961ff3651e844ad1,904f7961-faaa-4d9d-b0a2-f68e3138d38d,64.0,73,72.0,,aggregated_bulk_flyer_data_unified_02_08.xlsx,100.0,False,,,,,64.0,78.0,58.0,,69.0,,72.0,,,,,,,,,Fan,,أجهزة منزلية,مراوح ومبردات,مروحة,1.0,RULE,AR,False,,,,,,,
Safari,ينتهي في الثلاثاء، ٤ أغسطس ٢٠٢٦,,2026-08-02 14:46:51,,,Mango Puttu 1Pc,മാമ്പഴപ്പുട്ട്,Puttu Fest,1Pc,,85.5,0,AED,,page_6.jpg,flyer_20836,,,75,,,,,,,,,classified_products_v2_final.xlsx,,,,20836,٤ أغسطس ٢٠٢٦,ينتهي في الثلاثاء، ٤ أغسطس ٢٠٢٦,Safari Bakery,2026-08-02 17:34:21,,,,,,0.6510581818181819,0.933056,0.0644163636363634,0.0096959999999997,1.0,ca81e1bfe722c378,07b0895b-1a0e-4c1e-ab5d-fd99df7fc98b,82.0,75,96.0,,aggregated_bulk_flyer_data_unified_02_08.xlsx,100.0,False,,,,,82.0,81.0,,,81.0,,96.0,,,,,,,,,,,,,,0.15,OCR_ONLY,OCR+EN,True,,,,,,,
Safari,ينتهي في الثلاثاء، ٤ أغسطس ٢٠٢٦,"SAFARI MALL, MUWEILAH, SHARJAH - UAE",2026-08-02 14:46:44,Personal care,DAVIDOFF,DAVIDOFF COOL WATER 200ML-1PC,عطر دافيدوف كول,SHOPPING BONANZA,200ML,125.0,87.0,30,AED,,page_1.jpg,flyer_20836,,,77,,,,,,,,,classified_products_v2_final.xlsx,,,,20836,٤ أغسطس ٢٠٢٦,ينتهي في الثلاثاء، ٤ أغسطس ٢٠٢٦,Safari World Class Shopping Experience,2026-08-02 17:15:02,38.0,,,,2026-08-05,,,,,,ca8d5019d218f842,0bdee1b4-a4d4-4de1-95dd-084892926710,,77,,,aggregated_bulk_flyer_data_unified_02_08.xlsx,,False,,,,,,,,,,,,,,,,,,,,Perfume,,العناية الشخصية,عطور ومزيلات,عطر,1.0,RULE,AR,False,,,,,,,
Safari,ينتهي في الثلاثاء، ٤ أغسطس ٢٠٢٦,,2026-08-02 14:47:33,Bags and accessories,HOODLEE,"Hoodlee ABS+PC Exp Hard Trolley Asstd. 25""",حقيبه سفر,,"25""",189.0,88.0,53,AED,,page_31.jpg,flyer_20836,,,88,,,,,,,,,classified_products_v2_final.xlsx,,,,20836,٤ أغسطس ٢٠٢٦,ينتهي في الثلاثاء، ٤ أغسطس ٢٠٢٦,Lulu,2026-08-02 17:29:26,101.0,,,,,0.301,0.285,0.084,0.015,1.0,5d23384141c66710,315245bc-b787-4a5a-8218-49b797705ed7,58.0,88,89.0,,aggregated_bulk_flyer_data_unified_02_08.xlsx,100.0,False,,,,,58.0,69.0,64.0,,59.0,72.0,89.0,,,,,,,,,Luggage,,شنط واكسسوارات,حقائب,شنطة سفر,1.0,RULE,AR,False,,,,,,,
Safari,ينتهي في الثلاثاء، ٤ أغسطس ٢٠٢٦,,2026-08-02 14:47:29,,,Ladies Churidhar Asstd,تشوريدار نسايي,Timeless Beauty Endless Charm Explore our latest collection of ladies fashion accessories crafted for every occasion and every mood.,,119.0,89.0,25,AED,,page_27.jpg,flyer_20836,,,79,,,,,,,,,classified_products_v2_final.xlsx,,,,20836,٤ أغسطس ٢٠٢٦,ينتهي في الثلاثاء، ٤ أغسطس ٢٠٢٦,Safari,2026-08-02 17:25:31,,,,,,0.85726,0.51043,0.09204,0.0137159999999999,1.0,6368a2db948c6762,aa45d73f-1631-4752-a01f-3d0456f1d4e3,72.0,79,96.0,,aggregated_bulk_flyer_data_unified_02_08.xlsx,100.0,False,,,,,72.0,87.0,,,,83.0,96.0,,,,,,,,,,,,,,0.15,OCR_ONLY,OCR+EN,True,,,,,,,
Safari,ينتهي في الثلاثاء، ٤ أغسطس ٢٠٢٦,,2026-08-02 14:47:35,Bags and accessories,HOODLEE,"Hoodlee PC Hard Spin Trolley Asstd. 20""",حقيبه سفر,BEST BUY,"20""",199.0,89.0,55,AED,,page_32.jpg,flyer_20836,,,84,,,,,,,,,classified_products_v2_final.xlsx,,,,20836,٤ أغسطس ٢٠٢٦,ينتهي في الثلاثاء، ٤ أغسطس ٢٠٢٦,BONTOY BAGGAGE EXPO 2026,2026-08-02 17:31:05,110.0,,,,,0.4932472727272728,0.2877746666666667,0.0730909090909089,0.0109779999999999,1.0,d49fd354054d27a2,d2e7dd51-8436-4d14-95fb-367a0eccff6c,77.0,84,81.0,,aggregated_bulk_flyer_data_unified_02_08.xlsx,100.0,False,,,,,77.0,83.0,79.0,,75.0,80.0,81.0,,,,,,,,,Luggage,,شنط واكسسوارات,حقائب,شنطة سفر,1.0,RULE,AR,False,,,,,,,
Safari,ينتهي في الثلاثاء، ٤ أغسطس ٢٠٢٦,,2026-08-02 14:47:35,Bags and accessories,HOODLEE,"Hoodlee PC Hard Spin Trolley Asstd. 24""",حقيبه سفر,BEST BUY,"24""",239.0,89.0,62,AED,,page_32.jpg,flyer_20836,,,84,,,,,,,,,classified_products_v2_final.xlsx,,,,20836,٤ أغسطس ٢٠٢٦,ينتهي في الثلاثاء، ٤ أغسطس ٢٠٢٦,BONTOY BAGGAGE EXPO 2026,2026-08-02 17:31:05,150.0,,,,,0.4932472727272728,0.2877746666666667,0.0730909090909089,0.0109779999999999,1.0,065312c5b79aef10,d2e7dd51-8436-4d14-95fb-367a0eccff6c,97.0,84,92.0,,aggregated_bulk_flyer_data_unified_02_08.xlsx,100.0,False,,,,,97.0,99.0,100.0,,84.0,85.0,92.0,,,,,,,,,Luggage,,شنط واكسسوارات,حقائب,شنطة سفر,1.0,RULE,AR,False,,,,,,,
Safari,ينتهي في الثلاثاء، ٤ أغسطس ٢٠٢٦,,2026-08-02 14:47:28,Clothes and shoes,SAFARI,Mens Casual Shirt Asstd,قميص رجالي كاجوال,YOU'RE THE MAN,,145.0,89.0,38,AED,,page_26.jpg,flyer_20836,,,87,,,,,,,,,classified_products_v2_final.xlsx,,,,20836,٤ أغسطس ٢٠٢٦,ينتهي في الثلاثاء، ٤ أغسطس ٢٠٢٦,BASICS,2026-08-02 17:25:36,,,,,,0.195,0.212,0.13,0.011,1.0,ec69a1449bef4758,fe32b1b6-0a7b-43a3-833d-1801425c3f2c,63.0,87,59.0,,aggregated_bulk_flyer_data_unified_02_08.xlsx,100.0,False,,,,,63.0,70.0,64.0,,,68.0,59.0,,,,,,,,,,,ملابس وأحذية,ملابس رجالي,قميص رجالي,0.85,FUZZY,AR,True,الفئة الناتجة (ملابس وأحذية) تخالف خانة الفئة المدخلة (nan) التي توحي بـ «nan»,,,,,,
Safari,ينتهي في الثلاثاء، ٤ أغسطس ٢٠٢٦,,2026-08-02 14:47:31,Furniture,,Baby Rocking Chair Asstd,كرسي هزاز للاطفال,,,,89.0,0,AED,كمية محدودة,page_29.jpg,flyer_20836,,,82,,,,,,,,,classified_products_v2_final.xlsx,,,,20836,٤ أغسطس ٢٠٢٦,ينتهي في الثلاثاء، ٤ أغسطس ٢٠٢٦,Safari,2026-08-02 17:31:35,,,,,,0.713,0.695,0.099,0.013,1.0,c5e13ac0e072c44f,8d2dd3a7-9eaa-4d80-aa26-038f150a98ca,76.0,82,80.0,,aggregated_bulk_flyer_data_unified_02_08.xlsx,100.0,False,,,,,76.0,91.0,,,,,80.0,,,,,,,,,Baby,,الأثاث,غرفة الجلوس,كرسي,0.85,FUZZY,AR,False,,,,,,,
Safari,ينتهي في الثلاثاء، ٤ أغسطس ٢٠٢٦,,2026-08-02 14:46:51,,,"Palak, Beatroot, Corn Puttu 1Pc",വർണ്ണപ്പൂട്ട്,Puttu Fest,1Pc,,96.5,0,AED,,page_6.jpg,flyer_20836,,,75,,,,,,,,,classified_products_v2_final.xlsx,,,,20836,٤ أغسطس ٢٠٢٦,ينتهي في الثلاثاء، ٤ أغسطس ٢٠٢٦,Safari Bakery,2026-08-02 17:34:21,,,,,,0.6809981818181817,0.21232,0.0807472727272728,0.0096959999999999,1.0,103d6129242f3da9,07b0895b-1a0e-4c1e-ab5d-fd99df7fc98b,55.0,75,64.0,,aggregated_bulk_flyer_data_unified_02_08.xlsx,100.0,False,,,,,55.0,64.0,,,59.0,,64.0,,,,,,,,,,,,,,0.15,OCR_ONLY,OCR+EN,True,,,,,,,
Safari,ينتهي في الثلاثاء، ٤ أغسطس ٢٠٢٦,,2026-08-02 14:47:36,Bags and accessories,Chrisbella,Chrisbella Ladies Hand Bag Asstd.,Chrisbella Ladies Hand Bag Asstd.,SAFARI BONVOY BAGGAGE EXPO 2026,,143.0,99.0,30,AED,,page_33.jpg,flyer_20836,,,74,,,,,,,,,classified_products_v2_final.xlsx,,,,20836,٤ أغسطس ٢٠٢٦,ينتهي في الثلاثاء، ٤ أغسطس ٢٠٢٦,Safari,2026-08-02 17:31:13,44.0,,,,,0.7048363636363637,0.487894,0.1522181818181818,0.009864,1.0,24bb8844e98ea76c,04f126e8-a247-4f60-8006-8a00553fff47,75.0,74,61.0,,aggregated_bulk_flyer_data_unified_02_08.xlsx,100.0,False,,,,,,75.0,73.0,,,61.0,,,,,,,,,,Bags,,شنط واكسسوارات,حقائب,شنطة يد,0.95,FUZZY,EN,False,,,,,,,
Safari,ينتهي في الثلاثاء، ٤ أغسطس ٢٠٢٦,,2026-08-02 14:47:40,Personal care,Braun,Braun Aio 3540 All-in-One Series 3 Grooming Kit,جهاز الحلاقه,THE LARGEST HYPERMARKET IN UAE,,165.0,99.0,40,AED,,page_37.jpg,flyer_20836,,,80,,,,,,,,,classified_products_v2_final.xlsx,,,,20836,٤ أغسطس ٢٠٢٦,ينتهي في الثلاثاء، ٤ أغسطس ٢٠٢٦,Safari,2026-08-02 17:33:06,66.0,,,,,0.745,0.909,0.064,0.0140000000000001,1.0,a860b90c20a5203b,7f6b34c9-2132-49a0-8b4a-2156ec897610,83.0,80,96.0,,aggregated_bulk_flyer_data_unified_02_08.xlsx,100.0,False,,,,,83.0,92.0,71.0,,,93.0,96.0,,,,,,,,,Electronics,,العناية الشخصية,حلاقة,ماكينة حلاقة,0.785,FUZZY,AR,True,الفئة الناتجة (العناية الشخصية) تخالف خانة الفئة المدخلة (Electronics) التي توحي بـ «أجهزة تليفزيون وصوتيات»,,,,,,
Safari,ينتهي في الثلاثاء، ٤ أغسطس ٢٠٢٦,,2026-08-02 14:47:33,Bags and accessories,SUMMIT,"Summit USB TSA Soft Trolley Asstd. 20""",حقيبه سفر,,"20""",149.0,99.0,33,AED,,page_31.jpg,flyer_20836,,,88,,,,,,,,,classified_products_v2_final.xlsx,,,,20836,٤ أغسطس ٢٠٢٦,ينتهي في الثلاثاء، ٤ أغسطس ٢٠٢٦,Lulu,2026-08-02 17:29:26,50.0,,,,,0.262,0.9370000000000002,0.0839999999999999,0.0149999999999998,1.0,76ab1b6637847019,315245bc-b787-4a5a-8218-49b797705ed7,78.0,88,87.0,,aggregated_bulk_flyer_data_unified_02_08.xlsx,100.0,False,,,,,78.0,91.0,73.0,,75.0,67.0,87.0,,,,,,,,,Luggage,,شنط واكسسوارات,حقائب,شنطة سفر,1.0,RULE,AR,False,,,,,,,
Safari,ينتهي في الثلاثاء، ٤ أغسطس ٢٠٢٦,,2026-08-02 14:47:35,Bags and accessories,MONZA,"Monza Soft Spin Trolley With Cover Asstd. 24""",حقيبه سفر,BEST BUY,"24""",179.0,99.0,44,AED,,page_32.jpg,flyer_20836,,,84,,,,,,,,,classified_products_v2_final.xlsx,,,,20836,٤ أغسطس ٢٠٢٦,ينتهي في الثلاثاء، ٤ أغسطس ٢٠٢٦,BONTOY BAGGAGE EXPO 2026,2026-08-02 17:31:05,80.0,,,,,0.024,0.615,0.0779999999999999,0.011,1.0,a1f107df99dd1c4f,d2e7dd51-8436-4d14-95fb-367a0eccff6c,99.0,84,95.0,98.0,aggregated_bulk_flyer_data_unified_02_08.xlsx,100.0,False,,,,,99.0,99.0,100.0,,84.0,95.0,95.0,,,,,,,,,Luggage,,شنط واكسسوارات,حقائب,شنطة سفر,1.0,RULE,AR,False,,,,,,,
Safari,ينتهي في الثلاثاء، ٤ أغسطس ٢٠٢٦,,2026-08-02 14:47:35,Bags and accessories,MONZA,"Monza Soft Spin Trolley With Cover Asstd. 20""",حقيبه سفر,BEST BUY,"20""",149.0,99.0,33,AED,,page_32.jpg,flyer_20836,,,84,,,,,,,,,classified_products_v2_final.xlsx,,,,20836,٤ أغسطس ٢٠٢٦,ينتهي في الثلاثاء، ٤ أغسطس ٢٠٢٦,BONTOY BAGGAGE EXPO 2026,2026-08-02 17:31:05,50.0,,,,,0.024,0.615,0.0779999999999999,0.011,1.0,ba0eaca7c462e2c3,d2e7dd51-8436-4d14-95fb-367a0eccff6c,79.0,84,72.0,90.0,aggregated_bulk_flyer_data_unified_02_08.xlsx,100.0,False,,,,,79.0,78.0,75.0,,68.0,76.0,72.0,,,,,,,,,Luggage,,شنط واكسسوارات,حقائب,شنطة سفر,1.0,RULE,AR,False,,,,,,,
Safari,ينتهي في الثلاثاء، ٤ أغسطس ٢٠٢٦,,2026-08-02 14:47:35,Bags and accessories,Traveller,"Traveller PP 8w Hard Trolley Asstd. 20""",حقيبه سفر,BEST BUY,"20""",149.0,99.0,33,AED,,page_32.jpg,flyer_20836,,,84,,,,,,,,,classified_products_v2_final.xlsx,,,,20836,٤ أغسطس ٢٠٢٦,ينتهي في الثلاثاء، ٤ أغسطس ٢٠٢٦,BONTOY BAGGAGE EXPO 2026,2026-08-02 17:31:05,50.0,,,,,0.727,0.6250000000000001,0.078,0.011,1.0,78c8eb5d0ffe0c16,d2e7dd51-8436-4d14-95fb-367a0eccff6c,87.0,84,88.0,99.0,aggregated_bulk_flyer_data_unified_02_08.xlsx,100.0,False,,,,,87.0,100.0,100.0,,78.0,88.0,88.0,,,,,,,,,Luggage,,شنط واكسسوارات,حقائب,شنطة سفر,1.0,RULE,AR,False,,,,,,,
Safari,ينتهي في الثلاثاء، ٤ أغسطس ٢٠٢٦,,2026-08-02 14:47:40,Electrical and iron tools,Elora,Elora Rechargable Flashlight,مصباح يدوي,THE LARGEST HYPERMARKET IN UAE,3 PCS COMBO,139.0,99.0,28,AED,,page_37.jpg,flyer_20836,,,80,,,,,,,,,classified_products_v2_final.xlsx,,,,20836,٤ أغسطس ٢٠٢٦,ينتهي في الثلاثاء، ٤ أغسطس ٢٠٢٦,Safari,2026-08-02 17:33:06,40.0,,,,,0.69,0.698,0.064,0.014,1.0,f130e4e4a10520a3,7f6b34c9-2132-49a0-8b4a-2156ec897610,82.0,80,92.0,,aggregated_bulk_flyer_data_unified_02_08.xlsx,100.0,False,,,,,82.0,89.0,70.0,,66.0,93.0,92.0,,,,,,,,,Electronics,,أدوات كهربية وحدايد,إضاءة وبطاريات,مصباح يدوي,0.85,FUZZY,AR,True,الفئة الناتجة (أدوات كهربية وحدايد) تخالف خانة الفئة المدخلة (Electronics) التي توحي بـ «أجهزة تليفزيون وصوتيات»,,,,,,
Safari,ينتهي في الثلاثاء، ٤ أغسطس ٢٠٢٦,,2026-08-02 14:47:35,Bags and accessories,Traveller,"Traveller PP 8w Hard Trolley Asstd. 24""",حقيبه سفر,BEST BUY,"24""",179.0,109.0,39,AED,,page_32.jpg,flyer_20836,,,84,,,,,,,,,classified_products_v2_final.xlsx,,,,20836,٤ أغسطس ٢٠٢٦,ينتهي في الثلاثاء، ٤ أغسطس ٢٠٢٦,BONTOY BAGGAGE EXPO 2026,2026-08-02 17:31:05,70.0,,,,,0.025,0.296,0.0769999999999999,0.012,1.0,84cca160e5704ea5,d2e7dd51-8436-4d14-95fb-367a0eccff6c,60.0,84,69.0,71.0,aggregated_bulk_flyer_data_unified_02_08.xlsx,100.0,False,,,,,60.0,69.0,66.0,,61.0,65.0,69.0,,,,,,,,,Luggage,,شنط واكسسوارات,حقائب,شنطة سفر,1.0,RULE,AR,False,,,,,,,
Safari,ينتهي في الثلاثاء، ٤ أغسطس ٢٠٢٦,,2026-08-02 14:47:36,Bags and accessories,Vernika,Vernika Ladies Hand Bag Asstd.,Vernika Ladies Hand Bag Asstd.,SAFARI BONVOY BAGGAGE EXPO 2026,,195.0,119.0,38,AED,,page_33.jpg,flyer_20836,,,74,,,,,,,,,classified_products_v2_final.xlsx,,,,20836,٤ أغسطس ٢٠٢٦,ينتهي في الثلاثاء، ٤ أغسطس ٢٠٢٦,Safari,2026-08-02 17:31:13,76.0,,,,,0.6613454545454546,0.927664,0.1115636363636364,0.009864,1.0,9d4476004351b9c0,04f126e8-a247-4f60-8006-8a00553fff47,79.0,74,86.0,,aggregated_bulk_flyer_data_unified_02_08.xlsx,100.0,False,,,,,,79.0,72.0,,,77.0,86.0,,,,,,,,,Bags,,شنط واكسسوارات,حقائب,شنطة يد,0.95,FUZZY,EN,False,,,,,,,
Safari,ينتهي في الثلاثاء، ٤ أغسطس ٢٠٢٦,,2026-08-02 14:47:33,Bags and accessories,HOODLEE,"Hoodlee ABS+PC Exp Hard Trolley Asstd. 29""",حقيبه سفر,,"29""",269.0,129.0,52,AED,,page_31.jpg,flyer_20836,,,88,,,,,,,,,classified_products_v2_final.xlsx,,,,20836,٤ أغسطس ٢٠٢٦,ينتهي في الثلاثاء، ٤ أغسطس ٢٠٢٦,Lulu,2026-08-02 17:29:26,140.0,,,,,0.75,0.28,0.0839999999999999,0.0149999999999999,1.0,e00921b9eefd97e6,315245bc-b787-4a5a-8218-49b797705ed7,70.0,88,93.0,,aggregated_bulk_flyer_data_unified_02_08.xlsx,100.0,False,,,,,70.0,89.0,100.0,,82.0,91.0,93.0,,,,,,,,,Luggage,,شنط واكسسوارات,حقائب,شنطة سفر,1.0,RULE,AR,False,,,,,,,
Safari,ينتهي في الثلاثاء، ٤ أغسطس ٢٠٢٦,,2026-08-02 14:47:35,Bags and accessories,PARA JOHN,"Parajohn PP Hard Trolley Asstd. 20""",حقيبه سفر,BEST BUY,"20""",169.0,129.0,23,AED,,page_32.jpg,flyer_20836,,,84,,,,,,,,,classified_products_v2_final.xlsx,,,,20836,٤ أغسطس ٢٠٢٦,ينتهي في الثلاثاء، ٤ أغسطس ٢٠٢٦,BONTOY BAGGAGE EXPO 2026,2026-08-02 17:31:05,40.0,,,,,0.7290872727272727,0.3000833333333333,0.073090909090909,0.010978,1.0,89f9e6a91e149eb2,d2e7dd51-8436-4d14-95fb-367a0eccff6c,87.0,84,87.0,,aggregated_bulk_flyer_data_unified_02_08.xlsx,100.0,False,,,,,87.0,83.0,75.0,,83.0,84.0,87.0,,,,,,,,,Luggage,,شنط واكسسوارات,حقائب,شنطة سفر,1.0,RULE,AR,False,,,,,,,
Safari,ينتهي في الثلاثاء، ٤ أغسطس ٢٠٢٦,,2026-08-02 14:47:24,Kitchen (cooking utensils),,Cookware 5pc Set,طقم اواني الطهي,SHOPPING BONANZA,5 pcs,199.0,129.0,35,AED,,page_22.jpg,flyer_20836,,,80,,,,,,,,,classified_products_v2_final.xlsx,,,,20836,٤ أغسطس ٢٠٢٦,ينتهي في الثلاثاء، ٤ أغسطس ٢٠٢٦,Safari,2026-08-02 17:23:31,,,,,,0.0473018181818181,0.229528,0.1005163636363636,0.013384,1.0,1412fc68bb1ff3b7,dccd2266-b1c2-4a4b-83bb-f2cb72f7327c,61.0,80,72.0,,aggregated_bulk_flyer_data_unified_02_08.xlsx,100.0,False,,,,,61.0,66.0,,,61.0,68.0,72.0,,,,,,,,,,,مطبخ (أدوات طهي),حلل ومقالي,أواني طهي,0.946,FUZZY,AR,True,الفئة الناتجة (مطبخ (أدوات طهي)) تخالف خانة الفئة المدخلة (nan) التي توحي بـ «nan»,,,,,,
Safari,ينتهي في الثلاثاء، ٤ أغسطس ٢٠٢٦,UAE,2026-08-02 14:47:27,Baby (supplies),,Comforter King 8Pcs Set Asstd,لحف كينج,THE LARGEST HYPERMARKET IN UAE,8PCS Set,,135.0,0,AED,,page_25.jpg,flyer_20836,,,78,,,,,,,,,classified_products_v2_final.xlsx,,,,20836,٤ أغسطس ٢٠٢٦,ينتهي في الثلاثاء، ٤ أغسطس ٢٠٢٦,Safari,2026-08-02 17:25:41,,,,,,0.545,0.609,0.0579999999999999,0.011,1.0,fd8b479bb3b2f160,5a91276b-89d9-43d6-8fdd-eba0d12149f9,83.0,78,86.0,,aggregated_bulk_flyer_data_unified_02_08.xlsx,100.0,False,,,,,83.0,84.0,,,78.0,,86.0,,,,,,,,,,,البيبي (مستلزمات),ملابس وعناية,لحاف أطفال,0.495,FUZZY,EN,True,الفئة الناتجة (البيبي (مستلزمات)) تخالف خانة الفئة المدخلة (nan) التي توحي بـ «nan»,,,,,,
Safari,ينتهي في الثلاثاء، ٤ أغسطس ٢٠٢٦,,2026-08-02 14:47:35,Bags and accessories,Regency,"Regency Traveler Soft Spin Trolley Asstd. 20""",حقيبه سفر,BEST BUY,"20""",179.0,139.0,22,AED,,page_32.jpg,flyer_20836,,,84,,,,,,,,,classified_products_v2_final.xlsx,,,,20836,٤ أغسطس ٢٠٢٦,ينتهي في الثلاثاء، ٤ أغسطس ٢٠٢٦,BONTOY BAGGAGE EXPO 2026,2026-08-02 17:31:05,40.0,,,,,0.025,0.612,0.0769999999999999,0.012,1.0,5931157206a61df8,d2e7dd51-8436-4d14-95fb-367a0eccff6c,81.0,84,84.0,97.0,aggregated_bulk_flyer_data_unified_02_08.xlsx,100.0,False,,,,,81.0,78.0,70.0,,77.0,83.0,84.0,,,,,,,,,Luggage,,شنط واكسسوارات,حقائب,شنطة سفر,1.0,RULE,AR,False,,,,,,,
Safari,ينتهي في الثلاثاء، ٤ أغسطس ٢٠٢٦,,2026-08-02 14:47:35,Bags and accessories,PARA JOHN,"Parajohn PP Hard Trolley Asstd. 24""",حقيبه سفر,BEST BUY,"24""",199.0,139.0,30,AED,,page_32.jpg,flyer_20836,,,84,,,,,,,,,classified_products_v2_final.xlsx,,,,20836,٤ أغسطس ٢٠٢٦,ينتهي في الثلاثاء، ٤ أغسطس ٢٠٢٦,BONTOY BAGGAGE EXPO 2026,2026-08-02 17:31:05,60.0,,,,,0.7290872727272727,0.3000833333333333,0.073090909090909,0.010978,1.0,1d30fc8e996747ad,d2e7dd51-8436-4d14-95fb-367a0eccff6c,100.0,84,96.0,,aggregated_bulk_flyer_data_unified_02_08.xlsx,100.0,False,,,,,100.0,100.0,100.0,,90.0,93.0,96.0,,,,,,,,,Luggage,,شنط واكسسوارات,حقائب,شنطة سفر,1.0,RULE,AR,False,,,,,,,
Safari,ينتهي في الثلاثاء، ٤ أغسطس ٢٠٢٦,,2026-08-02 14:46:51,,,Puttu 1Pc + Chicken Curry 200gm,പുട്ടും കോഴിക്കറിയും,Puttu Fest,200 gm,,139.75,0,AED,,page_6.jpg,flyer_20836,,,75,,,,,,,,,classified_products_v2_final.xlsx,,,,20836,٤ أغسطس ٢٠٢٦,ينتهي في الثلاثاء، ٤ أغسطس ٢٠٢٦,Safari Bakery,2026-08-02 17:34:21,,,,,,0.6075090909090909,0.461184,0.1524218181818183,0.0096959999999999,1.0,b08ab7656c673643,07b0895b-1a0e-4c1e-ab5d-fd99df7fc98b,72.0,75,85.0,,aggregated_bulk_flyer_data_unified_02_08.xlsx,100.0,False,,,,,72.0,82.0,,,,,85.0,,,,,,,,,,,,,,0.15,OCR_ONLY,OCR+EN,True,,,,,,,
Safari,ينتهي في الثلاثاء، ٤ أغسطس ٢٠٢٦,,2026-08-02 14:46:51,,,Puttu 1Pc + Fish Curry 200gm,പുട്ടും മീൻകറിയും,Puttu Fest,200 gm,,139.75,0,AED,,page_6.jpg,flyer_20836,,,75,,,,,,,,,classified_products_v2_final.xlsx,,,,20836,٤ أغسطس ٢٠٢٦,ينتهي في الثلاثاء، ٤ أغسطس ٢٠٢٦,Safari Bakery,2026-08-02 17:34:21,,,,,,0.6075090909090909,0.703584,0.1288327272727274,0.009696,1.0,1cd23c289d799583,07b0895b-1a0e-4c1e-ab5d-fd99df7fc98b,82.0,75,98.0,,aggregated_bulk_flyer_data_unified_02_08.xlsx,100.0,False,,,,,82.0,86.0,,,,,98.0,,,,,,,,,,,,,,0.15,OCR_ONLY,OCR+EN,True,,,,,,,
Safari,ينتهي في الثلاثاء، ٤ أغسطس ٢٠٢٦,,2026-08-02 14:47:33,Bags and accessories,SUMMIT,"Summit USB TSA Soft Trolley Asstd. 24""",حقيبه سفر,,"24""",199.0,149.0,25,AED,,page_31.jpg,flyer_20836,,,88,,,,,,,,,classified_products_v2_final.xlsx,,,,20836,٤ أغسطس ٢٠٢٦,ينتهي في الثلاثاء، ٤ أغسطس ٢٠٢٦,Lulu,2026-08-02 17:29:26,50.0,,,,,0.512,0.951,0.0839999999999999,0.0150000000000001,1.0,1e72e01c373f4428,315245bc-b787-4a5a-8218-49b797705ed7,85.0,88,96.0,,aggregated_bulk_flyer_data_unified_02_08.xlsx,100.0,False,,,,,85.0,100.0,100.0,,94.0,93.0,96.0,,,,,,,,,Luggage,,شنط واكسسوارات,حقائب,شنطة سفر,1.0,RULE,AR,False,,,,,,,
Safari,ينتهي في الثلاثاء، ٤ أغسطس ٢٠٢٦,,2026-08-02 14:47:35,Bags and accessories,Regency,"Regency Traveler Soft Spin Trolley Asstd. 24""",حقيبه سفر,BEST BUY,"24""",209.0,159.0,23,AED,,page_32.jpg,flyer_20836,,,84,,,,,,,,,classified_products_v2_final.xlsx,,,,20836,٤ أغسطس ٢٠٢٦,ينتهي في الثلاثاء، ٤ أغسطس ٢٠٢٦,BONTOY BAGGAGE EXPO 2026,2026-08-02 17:31:05,50.0,,,,,0.465,0.604,0.077,0.012,1.0,81aa4186fa7482ef,d2e7dd51-8436-4d14-95fb-367a0eccff6c,74.0,84,97.0,100.0,aggregated_bulk_flyer_data_unified_02_08.xlsx,100.0,False,,,,,74.0,94.0,100.0,,84.0,97.0,97.0,,,,,,,,,Luggage,,شنط واكسسوارات,حقائب,شنطة سفر,1.0,RULE,AR,False,,,,,,,
Safari,ينتهي في الثلاثاء، ٤ أغسطس ٢٠٢٦,,2026-08-02 14:47:33,Bags and accessories,DELSEY PARIS,Delsey Vanguard Soft Trolley Asstd. 55CM,حقيبه سفر,,55CM,269.0,179.0,33,AED,,page_31.jpg,flyer_20836,,,88,,,,,,,,,classified_products_v2_final.xlsx,,,,20836,٤ أغسطس ٢٠٢٦,ينتهي في الثلاثاء، ٤ أغسطس ٢٠٢٦,Lulu,2026-08-02 17:29:26,90.0,,,,,0.0507054545454545,0.29966,0.0714763636363636,0.0122866666666666,1.0,dbbc7a79a012725e,315245bc-b787-4a5a-8218-49b797705ed7,55.0,88,100.0,100.0,aggregated_bulk_flyer_data_unified_02_08.xlsx,100.0,False,,,,,55.0,50.0,97.0,100.0,99.0,91.0,100.0,,,,,,,,,Luggage,,شنط واكسسوارات,حقائب,شنطة سفر,1.0,RULE,AR,False,,,,,,,
Safari,ينتهي في الثلاثاء، ٤ أغسطس ٢٠٢٦,,2026-08-02 14:47:35,Bags and accessories,Traveller,"Traveller PP 8w Hard Trolley Asstd. 28""",حقيبه سفر,BEST BUY,"28""",249.0,179.0,28,AED,,page_32.jpg,flyer_20836,,,84,,,,,,,,,classified_products_v2_final.xlsx,,,,20836,٤ أغسطس ٢٠٢٦,ينتهي في الثلاثاء، ٤ أغسطس ٢٠٢٦,BONTOY BAGGAGE EXPO 2026,2026-08-02 17:31:05,70.0,,,,,0.4879999999999999,0.288,0.0769999999999999,0.012,1.0,a1297def5deaf109,d2e7dd51-8436-4d14-95fb-367a0eccff6c,73.0,84,91.0,96.0,aggregated_bulk_flyer_data_unified_02_08.xlsx,100.0,False,,,,,73.0,82.0,99.0,,88.0,87.0,91.0,,,,,,,,,Luggage,,شنط واكسسوارات,حقائب,شنطة سفر,1.0,RULE,AR,False,,,,,,,
Safari,ينتهي في الثلاثاء، ٤ أغسطس ٢٠٢٦,,2026-08-02 14:47:35,Bags and accessories,HOODLEE,"Hoodlee PC Hard Spin Trolley Asstd. 28""",حقيبه سفر,BEST BUY,"28""",349.0,189.0,45,AED,,page_32.jpg,flyer_20836,,,84,,,,,,,,,classified_products_v2_final.xlsx,,,,20836,٤ أغسطس ٢٠٢٦,ينتهي في الثلاثاء، ٤ أغسطس ٢٠٢٦,BONTOY BAGGAGE EXPO 2026,2026-08-02 17:31:05,160.0,,,,,0.4932472727272728,0.2877746666666667,0.0730909090909089,0.0109779999999999,1.0,82eb808f888ed983,d2e7dd51-8436-4d14-95fb-367a0eccff6c,100.0,84,83.0,,aggregated_bulk_flyer_data_unified_02_08.xlsx,100.0,False,,,,,100.0,100.0,100.0,,83.0,85.0,83.0,,,,,,,,,Luggage,,شنط واكسسوارات,حقائب,شنطة سفر,1.0,RULE,AR,False,,,,,,,
Safari,ينتهي في الثلاثاء، ٤ أغسطس ٢٠٢٦,,2026-08-02 14:47:35,Bags and accessories,MONZA,"Monza Soft Spin Trolley With Cover Asstd. 28""",حقيبه سفر,BEST BUY,"28""",249.0,189.0,24,AED,,page_32.jpg,flyer_20836,,,84,,,,,,,,,classified_products_v2_final.xlsx,,,,20836,٤ أغسطس ٢٠٢٦,ينتهي في الثلاثاء، ٤ أغسطس ٢٠٢٦,BONTOY BAGGAGE EXPO 2026,2026-08-02 17:31:05,60.0,,,,,0.024,0.615,0.0779999999999999,0.011,1.0,ff4e135cd1803b72,d2e7dd51-8436-4d14-95fb-367a0eccff6c,100.0,84,77.0,98.0,aggregated_bulk_flyer_data_unified_02_08.xlsx,100.0,False,,,,,100.0,100.0,100.0,,93.0,97.0,77.0,,,,,,,,,Luggage,,شنط واكسسوارات,حقائب,شنطة سفر,1.0,RULE,AR,False,,,,,,,
Safari,ينتهي في الثلاثاء، ٤ أغسطس ٢٠٢٦,,2026-08-02 14:47:39,Television and audio equipment,,Multimedia Projector,بروجيكت لومينز,SHOPPING BONANZA,,299.0,199.0,33,AED,,page_36.jpg,flyer_20836,,,80,,,,,,,,,classified_products_v2_final.xlsx,,,,20836,٤ أغسطس ٢٠٢٦,ينتهي في الثلاثاء، ٤ أغسطس ٢٠٢٦,Safari,2026-08-02 17:33:25,100.0,,,,,0.655,0.675,0.09,0.01,1.0,c1426bef95b85bc6,a753964a-fc06-4c86-8739-442c82f7815e,86.0,80,97.0,,aggregated_bulk_flyer_data_unified_02_08.xlsx,100.0,False,,,,,86.0,90.0,,,,97.0,97.0,,,,,,,,,Projector,,أجهزة تليفزيون وصوتيات,أجهزة متخصصة,بروجكتور,0.473,FUZZY,OCR+EN,True,,,,,,,
Safari,ينتهي في الثلاثاء، ٤ أغسطس ٢٠٢٦,UAE,2026-08-02 14:47:27,Furniture and textiles,,Cloudy Blanket Double 220 x 240 8kg Asstd,بطانيه مزدوجه,THE LARGEST HYPERMARKET IN UAE,8kg,,199.0,0,AED,,page_25.jpg,flyer_20836,,,78,,,,,,,,,classified_products_v2_final.xlsx,,,,20836,٤ أغسطس ٢٠٢٦,ينتهي في الثلاثاء، ٤ أغسطس ٢٠٢٦,Safari,2026-08-02 17:25:41,,,,,,0.073,0.9000000000000001,0.078,0.012,1.0,e4547bca2e3398ff,5a91276b-89d9-43d6-8fdd-eba0d12149f9,69.0,78,80.0,,aggregated_bulk_flyer_data_unified_02_08.xlsx,100.0,False,,,,,69.0,74.0,,,79.0,,80.0,,,,,,,,,لحوم ودواجن,,مفروشات ومنسوجات,بطاطين ولحف,بطانية,0.85,FUZZY,AR,True,الفئة الناتجة (مفروشات ومنسوجات) تخالف خانة الفئة المدخلة (لحوم ودواجن) التي توحي بـ «أطعمة -فراخ وطيور»,,,,,,
Safari,ينتهي في الثلاثاء، ٤ أغسطس ٢٠٢٦,,2026-08-02 14:47:33,Bags and accessories,SUMMIT,"Summit USB TSA Soft Trolley Asstd. 28""",حقيبه سفر,,"28""",269.0,199.0,26,AED,,page_31.jpg,flyer_20836,,,88,,,,,,,,,classified_products_v2_final.xlsx,,,,20836,٤ أغسطس ٢٠٢٦,ينتهي في الثلاثاء، ٤ أغسطس ٢٠٢٦,Lulu,2026-08-02 17:29:26,70.0,,,,,0.0491709090909091,0.9548586666666666,0.0714436363636363,0.0097813333333333,1.0,fd76b42ca28a8a96,315245bc-b787-4a5a-8218-49b797705ed7,70.0,88,78.0,,aggregated_bulk_flyer_data_unified_02_08.xlsx,100.0,False,,,,,70.0,78.0,72.0,,74.0,79.0,78.0,,,,,,,,,Luggage,,شنط واكسسوارات,حقائب,شنطة سفر,1.0,RULE,AR,False,,,,,,,
Safari,ينتهي في الثلاثاء، ٤ أغسطس ٢٠٢٦,,2026-08-02 14:47:35,Bags and accessories,LEEON,"Leeon PP Hard Trolley Asstd. 3 PCS SET 20"" 24"" 28""",حقيبه سفر,BEST BUY,3 PCS SET,429.0,199.0,53,AED,,page_32.jpg,flyer_20836,,,84,,,,,,,,,classified_products_v2_final.xlsx,,,,20836,٤ أغسطس ٢٠٢٦,ينتهي في الثلاثاء، ٤ أغسطس ٢٠٢٦,BONTOY BAGGAGE EXPO 2026,2026-08-02 17:31:05,230.0,,,,,0.024490909090909,0.3000833333333333,0.0740654545454545,0.010978,1.0,3f1e157c3d8768c9,d2e7dd51-8436-4d14-95fb-367a0eccff6c,66.0,84,75.0,,aggregated_bulk_flyer_data_unified_02_08.xlsx,100.0,False,,,,,66.0,74.0,76.0,,68.0,68.0,75.0,,,,,,,,,Luggage,,شنط واكسسوارات,حقائب,شنطة سفر,1.0,RULE,AR,False,,,,,,,
Safari,ينتهي في الثلاثاء، ٤ أغسطس ٢٠٢٦,,2026-08-02 14:47:35,Bags and accessories,Eminent,"Eminent Soft Spin Trolley Asstd. 20""",حقيبه سفر,BEST BUY,"20""",269.0,199.0,26,AED,,page_32.jpg,flyer_20836,,,84,,,,,,,,,classified_products_v2_final.xlsx,,,,20836,٤ أغسطس ٢٠٢٦,ينتهي في الثلاثاء، ٤ أغسطس ٢٠٢٦,BONTOY BAGGAGE EXPO 2026,2026-08-02 17:31:05,70.0,,,,,0.045,0.9450000000000002,0.0769999999999999,0.0119999999999998,1.0,5e0197f49f25764b,d2e7dd51-8436-4d14-95fb-367a0eccff6c,81.0,84,90.0,95.0,aggregated_bulk_flyer_data_unified_02_08.xlsx,100.0,False,,,,,81.0,72.0,71.0,,82.0,86.0,90.0,,,,,,,,,Luggage,,شنط واكسسوارات,حقائب,شنطة سفر,1.0,RULE,AR,False,,,,,,,
Safari,ينتهي في الثلاثاء، ٤ أغسطس ٢٠٢٦,,2026-08-02 14:47:35,Bags and accessories,Regency,"Regency Traveler Soft Spin Trolley Asstd. 28""",حقيبه سفر,BEST BUY,"28""",239.0,199.0,16,AED,,page_32.jpg,flyer_20836,,,84,,,,,,,,,classified_products_v2_final.xlsx,,,,20836,٤ أغسطس ٢٠٢٦,ينتهي في الثلاثاء، ٤ أغسطس ٢٠٢٦,BONTOY BAGGAGE EXPO 2026,2026-08-02 17:31:05,40.0,,,,,0.728,0.62,0.077,0.012,1.0,f5348b1e2ebec9b4,d2e7dd51-8436-4d14-95fb-367a0eccff6c,91.0,84,97.0,100.0,aggregated_bulk_flyer_data_unified_02_08.xlsx,100.0,False,,,,,91.0,97.0,100.0,,94.0,98.0,97.0,,,,,,,,,Luggage,,شنط واكسسوارات,حقائب,شنطة سفر,1.0,RULE,AR,False,,,,,,,
Safari,ينتهي في الثلاثاء، ٤ أغسطس ٢٠٢٦,,2026-08-02 14:47:35,Bags and accessories,President,President Pilot Case Asstd.,حقيبه سفر,BEST BUY,"17""",279.0,199.0,28,AED,ALSO AVAILABLE IN 229,page_32.jpg,flyer_20836,,,84,,,,,,,,,classified_products_v2_final.xlsx,,,,20836,٤ أغسطس ٢٠٢٦,ينتهي في الثلاثاء، ٤ أغسطس ٢٠٢٦,BONTOY BAGGAGE EXPO 2026,2026-08-02 17:31:05,80.0,,,,,0.728,0.296,0.077,0.012,1.0,ed5883fa260a7910,d2e7dd51-8436-4d14-95fb-367a0eccff6c,79.0,84,78.0,89.0,aggregated_bulk_flyer_data_unified_02_08.xlsx,100.0,False,,,,,79.0,76.0,64.0,,77.0,74.0,78.0,,,,,,,,,Luggage,,شنط واكسسوارات,حقائب,شنطة سفر,1.0,RULE,AR,False,,,,,,,
Safari,ينتهي في الثلاثاء، ٤ أغسطس ٢٠٢٦,,2026-08-02 14:47:35,Bags and accessories,Traveller,"Traveller PP 8w Hard Trolley Asstd. 3 PCS SET 20"" 24"" 28""",حقيبه سفر,BEST BUY,3 PCS SET,535.0,199.0,62,AED,,page_32.jpg,flyer_20836,,,84,,,,,,,,,classified_products_v2_final.xlsx,,,,20836,٤ أغسطس ٢٠٢٦,ينتهي في الثلاثاء، ٤ أغسطس ٢٠٢٦,BONTOY BAGGAGE EXPO 2026,2026-08-02 17:31:05,336.0,,,,,0.727,0.297,0.078,0.011,1.0,74341c3f9c21679e,d2e7dd51-8436-4d14-95fb-367a0eccff6c,83.0,84,78.0,97.0,aggregated_bulk_flyer_data_unified_02_08.xlsx,100.0,False,,,,,83.0,76.0,85.0,,79.0,72.0,78.0,,,,,,,,,Luggage,,شنط واكسسوارات,حقائب,شنطة سفر,1.0,RULE,AR,False,,,,,,,
Safari,ينتهي في الثلاثاء، ٤ أغسطس ٢٠٢٦,,2026-08-02 14:47:35,Bags and accessories,PARA JOHN,"Parajohn PP Hard Trolley Asstd. 3 PCS SET 20"" 24"" 28""",حقيبه سفر,BEST BUY,3 PCS SET,535.0,199.0,62,AED,,page_32.jpg,flyer_20836,,,84,,,,,,,,,classified_products_v2_final.xlsx,,,,20836,٤ أغسطس ٢٠٢٦,ينتهي في الثلاثاء، ٤ أغسطس ٢٠٢٦,BONTOY BAGGAGE EXPO 2026,2026-08-02 17:31:05,336.0,,,,,0.024,0.297,0.0779999999999999,0.011,1.0,f98aac8753ae5b1d,d2e7dd51-8436-4d14-95fb-367a0eccff6c,64.0,84,72.0,74.0,aggregated_bulk_flyer_data_unified_02_08.xlsx,100.0,False,,,,,64.0,76.0,73.0,,66.0,55.0,72.0,,,,,,,,,Luggage,,شنط واكسسوارات,حقائب,شنطة سفر,1.0,RULE,AR,False,,,,,,,
Safari,ينتهي في الثلاثاء، ٤ أغسطس ٢٠٢٦,,2026-08-02 14:47:35,Bags and accessories,PARA JOHN,"Parajohn PP Hard Trolley Asstd. 28""",حقيبه سفر,BEST BUY,"28""",279.0,199.0,28,AED,,page_32.jpg,flyer_20836,,,84,,,,,,,,,classified_products_v2_final.xlsx,,,,20836,٤ أغسطس ٢٠٢٦,ينتهي في الثلاثاء، ٤ أغسطس ٢٠٢٦,BONTOY BAGGAGE EXPO 2026,2026-08-02 17:31:05,80.0,,,,,0.7290872727272727,0.3000833333333333,0.073090909090909,0.010978,1.0,65dc170207418705,d2e7dd51-8436-4d14-95fb-367a0eccff6c,100.0,84,94.0,,aggregated_bulk_flyer_data_unified_02_08.xlsx,100.0,False,,,,,100.0,100.0,100.0,,90.0,89.0,94.0,,,,,,,,,Luggage,,شنط واكسسوارات,حقائب,شنطة سفر,1.0,RULE,AR,False,,,,,,,
Safari,ينتهي في الثلاثاء، ٤ أغسطس ٢٠٢٦,,2026-08-02 14:47:40,Television and audio equipment,Samsung,Samsung HWC400 / ZN Soundbar With Built in Subwoofer,شريط صوت سامسونج,THE LARGEST HYPERMARKET IN UAE,,285.0,199.0,30,AED,,page_37.jpg,flyer_20836,,,80,,,,,,,,,classified_products_v2_final.xlsx,,,,20836,٤ أغسطس ٢٠٢٦,ينتهي في الثلاثاء، ٤ أغسطس ٢٠٢٦,Safari,2026-08-02 17:33:06,86.0,,,,,0.047,0.698,0.118,0.014,1.0,668bb41a5273f66d,7f6b34c9-2132-49a0-8b4a-2156ec897610,58.0,80,93.0,,aggregated_bulk_flyer_data_unified_02_08.xlsx,100.0,False,,,,,58.0,77.0,71.0,,,84.0,93.0,,,,,,,,,Electronics,,أجهزة تليفزيون وصوتيات,,,0.15,OCR_ONLY,OCR+EN,True,,,,,,,
Safari,ينتهي في الثلاثاء، ٤ أغسطس ٢٠٢٦,,2026-08-02 14:47:33,Bags and accessories,DELSEY PARIS,Delsey Vanguard Soft Trolley Asstd. 70CM,حقيبه سفر,,70CM,319.0,219.0,31,AED,,page_31.jpg,flyer_20836,,,88,,,,,,,,,classified_products_v2_final.xlsx,,,,20836,٤ أغسطس ٢٠٢٦,ينتهي في الثلاثاء، ٤ أغسطس ٢٠٢٦,Lulu,2026-08-02 17:29:26,100.0,,,,,0.0507054545454545,0.29966,0.0714763636363636,0.0122866666666666,1.0,e498c798067c8000,315245bc-b787-4a5a-8218-49b797705ed7,95.0,88,100.0,100.0,aggregated_bulk_flyer_data_unified_02_08.xlsx,100.0,False,,,,,95.0,98.0,100.0,100.0,100.0,100.0,100.0,,,,,,,,,Luggage,,شنط واكسسوارات,حقائب,شنطة سفر,1.0,RULE,AR,False,,,,,,,
Safari,ينتهي في الثلاثاء، ٤ أغسطس ٢٠٢٦,,2026-08-02 14:47:35,Bags and accessories,MONZA,"Monza Soft Spin Trolley With Cover Asstd. 32""",حقيبه سفر,BEST BUY,"32""",299.0,219.0,26,AED,,page_32.jpg,flyer_20836,,,84,,,,,,,,,classified_products_v2_final.xlsx,,,,20836,٤ أغسطس ٢٠٢٦,ينتهي في الثلاثاء، ٤ أغسطس ٢٠٢٦,BONTOY BAGGAGE EXPO 2026,2026-08-02 17:31:05,80.0,,,,,0.024,0.615,0.0779999999999999,0.011,1.0,8fd6c0e2cde32c36,d2e7dd51-8436-4d14-95fb-367a0eccff6c,100.0,84,90.0,99.0,aggregated_bulk_flyer_data_unified_02_08.xlsx,100.0,False,,,,,100.0,100.0,100.0,,95.0,98.0,90.0,,,,,,,,,Luggage,,شنط واكسسوارات,حقائب,شنطة سفر,1.0,RULE,AR,False,,,,,,,
Safari,ينتهي في الثلاثاء، ٤ أغسطس ٢٠٢٦,,2026-08-02 14:47:39,Mobile and computer devices,HP,HP 2876 Deskjet All-in-one Printer Ink Advantage Wireless,طابعه,SHOPPING BONANZA,,299.0,219.0,26,AED,,page_36.jpg,flyer_20836,,,80,,,,,,,,,classified_products_v2_final.xlsx,,,,20836,٤ أغسطس ٢٠٢٦,ينتهي في الثلاثاء، ٤ أغسطس ٢٠٢٦,Safari,2026-08-02 17:33:25,80.0,,,,,0.655,0.4630000000000001,0.0359999999999999,0.0099999999999999,1.0,8c4dd0f2c558effc,a753964a-fc06-4c86-8739-442c82f7815e,81.0,80,92.0,,aggregated_bulk_flyer_data_unified_02_08.xlsx,100.0,False,,,,,81.0,89.0,72.0,,,78.0,92.0,,,,,,,,,Printer,,أجهزة موبايل وكمبيوتر,طباعة,طابعة,0.85,FUZZY,AR,False,,,,,,,
Safari,ينتهي في الثلاثاء، ٤ أغسطس ٢٠٢٦,,2026-08-02 14:47:33,Bags and accessories,HOODLEE,Hoodlee ABS+PC Exp Hard Trolley Asstd. 3 PCS SET,حقيبه سفر,,3 PCS SET,,229.0,0,AED,"21"" 25"" 29""",page_31.jpg,flyer_20836,,,88,,,,,,,,,classified_products_v2_final.xlsx,,,,20836,٤ أغسطس ٢٠٢٦,ينتهي في الثلاثاء، ٤ أغسطس ٢٠٢٦,Lulu,2026-08-02 17:29:26,,,,,,0.378,0.6250000000000001,0.084,0.015,1.0,086420843239a6b7,315245bc-b787-4a5a-8218-49b797705ed7,74.0,88,72.0,,aggregated_bulk_flyer_data_unified_02_08.xlsx,100.0,False,,,,,74.0,96.0,100.0,,60.0,,72.0,,,,,,,,,Luggage,,شنط واكسسوارات,حقائب,شنطة سفر,1.0,RULE,AR,False,,,,,,,
Safari,ينتهي في الثلاثاء، ٤ أغسطس ٢٠٢٦,,2026-08-02 14:47:33,Bags and accessories,BINHAO,"Binhao Soft Spin Trolley Asstd. 24""",حقيبه سفر,,"24""",299.0,229.0,23,AED,,page_31.jpg,flyer_20836,,,88,,,,,,,,,classified_products_v2_final.xlsx,,,,20836,٤ أغسطس ٢٠٢٦,ينتهي في الثلاثاء، ٤ أغسطس ٢٠٢٦,Lulu,2026-08-02 17:29:26,70.0,,,,,0.0507054545454545,0.29966,0.0714763636363636,0.0122866666666666,1.0,d1559b530338049c,315245bc-b787-4a5a-8218-49b797705ed7,100.0,88,100.0,100.0,aggregated_bulk_flyer_data_unified_02_08.xlsx,100.0,False,,,,,100.0,100.0,100.0,100.0,100.0,100.0,100.0,,,,,,,,,Luggage,,شنط واكسسوارات,حقائب,شنطة سفر,1.0,RULE,AR,False,,,,,,,
Safari,ينتهي في الثلاثاء، ٤ أغسطس ٢٠٢٦,,2026-08-02 14:47:35,Bags and accessories,Eminent,"Eminent Soft Spin Trolley Asstd. 24""",حقيبه سفر,BEST BUY,"24""",329.0,249.0,24,AED,,page_32.jpg,flyer_20836,,,84,,,,,,,,,classified_products_v2_final.xlsx,,,,20836,٤ أغسطس ٢٠٢٦,ينتهي في الثلاثاء، ٤ أغسطس ٢٠٢٦,BONTOY BAGGAGE EXPO 2026,2026-08-02 17:31:05,80.0,,,,,0.324,0.953,0.0769999999999999,0.012,1.0,67462ff8794ca75e,d2e7dd51-8436-4d14-95fb-367a0eccff6c,86.0,84,97.0,99.0,aggregated_bulk_flyer_data_unified_02_08.xlsx,100.0,False,,,,,86.0,98.0,100.0,,99.0,93.0,97.0,,,,,,,,,Luggage,,شنط واكسسوارات,حقائب,شنطة سفر,1.0,RULE,AR,False,,,,,,,
Safari,ينتهي في الثلاثاء، ٤ أغسطس ٢٠٢٦,,2026-08-02 14:47:33,Bags and accessories,BINHAO,"Binhao Soft Spin Trolley Asstd. 28""",حقيبه سفر,,"28""",349.0,259.0,25,AED,,page_31.jpg,flyer_20836,,,88,,,,,,,,,classified_products_v2_final.xlsx,,,,20836,٤ أغسطس ٢٠٢٦,ينتهي في الثلاثاء، ٤ أغسطس ٢٠٢٦,Lulu,2026-08-02 17:29:26,90.0,,,,,0.0507054545454545,0.29966,0.0714763636363636,0.0122866666666666,1.0,b2de60a6d6fb53b6,315245bc-b787-4a5a-8218-49b797705ed7,100.0,88,100.0,100.0,aggregated_bulk_flyer_data_unified_02_08.xlsx,100.0,False,,,,,100.0,100.0,100.0,100.0,100.0,100.0,100.0,,,,,,,,,Luggage,,شنط واكسسوارات,حقائب,شنطة سفر,1.0,RULE,AR,False,,,,,,,
Safari,ينتهي في الثلاثاء، ٤ أغسطس ٢٠٢٦,,2026-08-02 14:47:33,Bags and accessories,DELSEY PARIS,Delsey Vanguard Soft Trolley Asstd. 82CM,حقيبه سفر,,82CM,369.0,269.0,27,AED,,page_31.jpg,flyer_20836,,,88,,,,,,,,,classified_products_v2_final.xlsx,,,,20836,٤ أغسطس ٢٠٢٦,ينتهي في الثلاثاء، ٤ أغسطس ٢٠٢٦,Lulu,2026-08-02 17:29:26,100.0,,,,,0.0507054545454545,0.29966,0.0714763636363636,0.0122866666666666,1.0,f57594e495f41204,315245bc-b787-4a5a-8218-49b797705ed7,100.0,88,100.0,100.0,aggregated_bulk_flyer_data_unified_02_08.xlsx,100.0,False,,,,,100.0,100.0,100.0,100.0,100.0,100.0,100.0,,,,,,,,,Luggage,,شنط واكسسوارات,حقائب,شنطة سفر,1.0,RULE,AR,False,,,,,,,
Safari,ينتهي في الثلاثاء، ٤ أغسطس ٢٠٢٦,,2026-08-02 14:47:33,Bags and accessories,HOODLEE,Hoodlee PP Expandable Hard Spin Trolley With Beauty Case Asstd.,حقيبه سفر,,Set,,279.0,0,AED,,page_31.jpg,flyer_20836,,,88,,,,,,,,,classified_products_v2_final.xlsx,,,,20836,٤ أغسطس ٢٠٢٦,ينتهي في الثلاثاء، ٤ أغسطس ٢٠٢٦,Lulu,2026-08-02 17:29:26,,,,,,0.0507054545454545,0.29966,0.0714763636363636,0.0122866666666666,1.0,73777fb159608e5c,315245bc-b787-4a5a-8218-49b797705ed7,100.0,88,100.0,,aggregated_bulk_flyer_data_unified_02_08.xlsx,100.0,False,,,,,100.0,98.0,100.0,100.0,100.0,,100.0,,,,,,,,,Luggage,,شنط واكسسوارات,حقائب,شنطة سفر,1.0,RULE,AR,False,,,,,,,
Safari,ينتهي في الثلاثاء، ٤ أغسطس ٢٠٢٦,,2026-08-02 14:47:33,Bags and accessories,MONZA,Monza Double Zipper Soft Spin Trolley Asstd.,حقيبه سفر,,3 PCS SET,,299.0,0,AED,"20"" 24"" 28""",page_31.jpg,flyer_20836,,,88,,,,,,,,,classified_products_v2_final.xlsx,,,,20836,٤ أغسطس ٢٠٢٦,ينتهي في الثلاثاء، ٤ أغسطس ٢٠٢٦,Lulu,2026-08-02 17:29:26,,,,,,0.74816,0.9412346666666666,0.0714436363636363,0.0101306666666667,1.0,7641dff2d6b9cecf,315245bc-b787-4a5a-8218-49b797705ed7,77.0,88,76.0,,aggregated_bulk_flyer_data_unified_02_08.xlsx,100.0,False,,,,,77.0,82.0,75.0,,71.0,,76.0,,,,,,,,,Luggage,,شنط واكسسوارات,حقائب,شنطة سفر,1.0,RULE,AR,False,,,,,,,
Safari,ينتهي في الثلاثاء، ٤ أغسطس ٢٠٢٦,,2026-08-02 14:47:35,Bags and accessories,Eminent,"Eminent Soft Spin Trolley Asstd. 28""",حقيبه سفر,BEST BUY,"28""",399.0,299.0,25,AED,,page_32.jpg,flyer_20836,,,84,,,,,,,,,classified_products_v2_final.xlsx,,,,20836,٤ أغسطس ٢٠٢٦,ينتهي في الثلاثاء، ٤ أغسطس ٢٠٢٦,BONTOY BAGGAGE EXPO 2026,2026-08-02 17:31:05,100.0,,,,,0.6318727272727274,0.9550906666666666,0.0720363636363636,0.010864,1.0,1ed7f17749fb1a44,d2e7dd51-8436-4d14-95fb-367a0eccff6c,54.0,84,,,aggregated_bulk_flyer_data_unified_02_08.xlsx,100.0,False,,,,,54.0,59.0,83.0,,73.0,,,,,,,,,,,Luggage,,شنط واكسسوارات,حقائب,شنطة سفر,1.0,RULE,AR,False,,,,,,,
Safari,ينتهي في الثلاثاء، ٤ أغسطس ٢٠٢٦,,2026-08-02 14:47:31,Baby (supplies),,Baby Bed Asstd,سرير اطفال,,,,299.0,0,AED,كمية محدودة,page_29.jpg,flyer_20836,,,82,,,,,,,,,classified_products_v2_final.xlsx,,,,20836,٤ أغسطس ٢٠٢٦,ينتهي في الثلاثاء، ٤ أغسطس ٢٠٢٦,Safari,2026-08-02 17:31:35,,,,,,0.212,0.9610000000000002,0.066,0.0129999999999998,1.0,b19232a5f9b116df,8d2dd3a7-9eaa-4d80-aa26-038f150a98ca,72.0,82,87.0,,aggregated_bulk_flyer_data_unified_02_08.xlsx,100.0,False,,,,,72.0,93.0,,,,,87.0,,,,,,,,,Baby,,البيبي (مستلزمات),رضع وحديثو الولادة,سرير للأطفال,0.596,FUZZY,AR,True,,,,,,,
Safari,ينتهي في الثلاثاء، ٤ أغسطس ٢٠٢٦,,2026-08-02 14:47:31,Baby (supplies),,Baby Stroller Asstd,عربه اطفال,,,,299.0,0,AED,كمية محدودة,page_29.jpg,flyer_20836,,,82,,,,,,,,,classified_products_v2_final.xlsx,,,,20836,٤ أغسطس ٢٠٢٦,ينتهي في الثلاثاء، ٤ أغسطس ٢٠٢٦,Safari,2026-08-02 17:31:35,,,,,,0.595,0.871,0.066,0.0130000000000001,1.0,b6f5c4405e960b01,8d2dd3a7-9eaa-4d80-aa26-038f150a98ca,77.0,82,83.0,,aggregated_bulk_flyer_data_unified_02_08.xlsx,100.0,False,,,,,77.0,91.0,,,,,83.0,,,,,,,,,Baby,,البيبي (مستلزمات),تنقل وأمان,عربية أطفال,0.95,FUZZY,AR,False,,,,,,,
Safari,ينتهي في الثلاثاء، ٤ أغسطس ٢٠٢٦,,2026-08-02 14:47:41,Kitchen (appliances),Panasonic,Panasonic NNST34H Microwave Oven,فرن ميكروويف باناسونيك,SHOPPING BONANZA,25LTR,419.0,299.0,28,AED,,page_38.jpg,flyer_20836,,,73,,,,,,,,,classified_products_v2_final.xlsx,,,,20836,٤ أغسطس ٢٠٢٦,ينتهي في الثلاثاء، ٤ أغسطس ٢٠٢٦,SHOPPING BONANZA,2026-08-02 17:32:55,120.0,,,,,0.36,0.332,0.137,0.0099999999999999,1.0,0f3c1b9aa39b3573,904f7961-faaa-4d9d-b0a2-f68e3138d38d,69.0,73,83.0,,aggregated_bulk_flyer_data_unified_02_08.xlsx,100.0,False,,,,,69.0,86.0,74.0,,71.0,74.0,83.0,,,,,,,,,Microwave,,مطبخ (أجهزة),أفران وبوتاجاز,فرن,0.85,FUZZY,AR,False,,,,,,,
Safari,ينتهي في الثلاثاء، ٤ أغسطس ٢٠٢٦,,2026-08-02 14:47:41,Kitchen (appliances),PHILIPS,Philips NA130 Air Fryer,مقلاه هواييه,SHOPPING BONANZA,6.2LTR,415.0,325.0,21,AED,,page_38.jpg,flyer_20836,,,73,,,,,,,,,classified_products_v2_final.xlsx,,,,20836,٤ أغسطس ٢٠٢٦,ينتهي في الثلاثاء، ٤ أغسطس ٢٠٢٦,SHOPPING BONANZA,2026-08-02 17:32:55,90.0,,,,,0.36,0.572,0.078,0.01,1.0,8b2081a62def28e2,904f7961-faaa-4d9d-b0a2-f68e3138d38d,68.0,73,82.0,,aggregated_bulk_flyer_data_unified_02_08.xlsx,100.0,False,,,,,68.0,81.0,64.0,,71.0,79.0,82.0,,,,,,,,,Air Fryer,,مطبخ (أجهزة),طهي صغير,قلاية هوائية,0.95,FUZZY,OCR_STRONG,False,,,,,,,
Safari,ينتهي في الثلاثاء، ٤ أغسطس ٢٠٢٦,,2026-08-02 14:47:40,Television and audio equipment,Impex,Impex Gloria 32 Smart LED TV,تلفزيون امبكس,THE LARGEST HYPERMARKET IN UAE,"32""",449.0,329.0,26,AED,,page_37.jpg,flyer_20836,,,80,,,,,,,,,classified_products_v2_final.xlsx,,,,20836,٤ أغسطس ٢٠٢٦,ينتهي في الثلاثاء، ٤ أغسطس ٢٠٢٦,Safari,2026-08-02 17:33:06,120.0,,,,,0.127,0.268,0.088,0.0139999999999999,1.0,cadcaa39ce82998a,7f6b34c9-2132-49a0-8b4a-2156ec897610,62.0,80,80.0,,aggregated_bulk_flyer_data_unified_02_08.xlsx,100.0,False,,,,,62.0,74.0,64.0,,67.0,63.0,80.0,,,,,,,,,Electronics,,أجهزة تليفزيون وصوتيات,تلفزيونات وشاشات,شاشة,0.64,CATALOG_OVERRIDE,EN,True,,,,,,,
Safari,ينتهي في الثلاثاء، ٤ أغسطس ٢٠٢٦,,2026-08-02 14:47:33,Bags and accessories,VIP,VIP Hard Trolley Asstd.,حقيبه سفر,,3 PCS SET,,369.0,0,AED,55CM 65CM 75CM,page_31.jpg,flyer_20836,,,88,,,,,,,,,classified_products_v2_final.xlsx,,,,20836,٤ أغسطس ٢٠٢٦,ينتهي في الثلاثاء، ٤ أغسطس ٢٠٢٦,Lulu,2026-08-02 17:29:26,,,,,,0.2635018181818182,0.9422826666666666,0.0724090909090909,0.0101306666666666,1.0,124b13ac2503b6e3,315245bc-b787-4a5a-8218-49b797705ed7,76.0,88,74.0,,aggregated_bulk_flyer_data_unified_02_08.xlsx,100.0,False,,,,,76.0,77.0,71.0,,68.0,,74.0,,,,,,,,,Luggage,,شنط واكسسوارات,حقائب,شنطة سفر,1.0,RULE,AR,False,,,,,,,
Safari,ينتهي في الثلاثاء، ٤ أغسطس ٢٠٢٦,,2026-08-02 14:47:41,Kitchen (appliances),Prestige,Prestige PR50341 High Professional Blender,خلاط,SHOPPING BONANZA,2 LTR,429.0,369.0,13,AED,,page_38.jpg,flyer_20836,,,73,,,,,,,,,classified_products_v2_final.xlsx,,,,20836,٤ أغسطس ٢٠٢٦,ينتهي في الثلاثاء، ٤ أغسطس ٢٠٢٦,SHOPPING BONANZA,2026-08-02 17:32:55,60.0,,,,,0.025,0.4580000000000001,0.026,0.01,1.0,3a78531775480871,904f7961-faaa-4d9d-b0a2-f68e3138d38d,70.0,73,70.0,,aggregated_bulk_flyer_data_unified_02_08.xlsx,100.0,False,,,,,70.0,69.0,65.0,,61.0,72.0,70.0,,,,,,,,,Blender,,مطبخ (أجهزة),خلاطات,خلاط طعام,0.97,RULE_FUZZY,AR,False,,,,,,,
Safari,ينتهي في الثلاثاء، ٤ أغسطس ٢٠٢٦,,2026-08-02 14:47:39,Mobile and computer devices,Epson,Epson L3252 Inktank Printer,طابعه,SHOPPING BONANZA,,625.0,529.0,15,AED,,page_36.jpg,flyer_20836,,,80,,,,,,,,,classified_products_v2_final.xlsx,,,,20836,٤ أغسطس ٢٠٢٦,ينتهي في الثلاثاء، ٤ أغسطس ٢٠٢٦,Safari,2026-08-02 17:33:25,96.0,,,,,0.03,0.675,0.036,0.01,1.0,410089c5687ba995,a753964a-fc06-4c86-8739-442c82f7815e,75.0,80,96.0,,aggregated_bulk_flyer_data_unified_02_08.xlsx,100.0,False,,,,,75.0,81.0,59.0,,,84.0,96.0,,,,,,,,,Printer,,أجهزة موبايل وكمبيوتر,طباعة,طابعة,0.85,FUZZY,AR,False,,,,,,,
Safari,ينتهي في الثلاثاء، ٤ أغسطس ٢٠٢٦,,2026-08-02 14:47:33,Bags and accessories,AMERICAN TOURISTER,American Tourister Maxplus PP Hard Spin Trolley Asstd.,حقيبه سفر,,3 PCS SET,,599.0,0,AED,55CM 65CM 75CM,page_31.jpg,flyer_20836,,,88,,,,,,,,,classified_products_v2_final.xlsx,,,,20836,٤ أغسطس ٢٠٢٦,ينتهي في الثلاثاء، ٤ أغسطس ٢٠٢٦,Lulu,2026-08-02 17:29:26,,,,,,0.0507054545454545,0.29966,0.0714763636363636,0.0122866666666666,1.0,d715e32b1735600a,315245bc-b787-4a5a-8218-49b797705ed7,100.0,88,100.0,,aggregated_bulk_flyer_data_unified_02_08.xlsx,100.0,False,,,,,100.0,100.0,100.0,100.0,100.0,,100.0,,,,,,,,,Luggage,,شنط واكسسوارات,حقائب,شنطة سفر,1.0,RULE,AR,False,,,,,,,
Safari,ينتهي في الثلاثاء، ٤ أغسطس ٢٠٢٦,,2026-08-02 14:47:38,Television and audio equipment,HONOR,HONOR X7E 6/128GB,HONOR X7E 6/128GB,OFFERS VALID FOR 5 DAYS,,,669.0,0,AED,,page_35.jpg,flyer_20836,,,76,,,,,,,,,classified_products_v2_final.xlsx,,,,20836,٤ أغسطس ٢٠٢٦,ينتهي في الثلاثاء، ٤ أغسطس ٢٠٢٦,Safari,2026-08-02 17:32:27,,,,,2026-08-03,0.377,0.618,0.173,0.027,1.0,83062de94a4f4444,51a77d3b-ce3e-4e3e-9990-4e85c0507479,78.0,76,95.0,,aggregated_bulk_flyer_data_unified_02_08.xlsx,100.0,False,,,,,,78.0,88.0,,,,95.0,,,,,,,,,Electronics,,أجهزة تليفزيون وصوتيات,,,0.15,OCR_ONLY,OCR+EN,True,,,,,,,
Safari,ينتهي في الثلاثاء، ٤ أغسطس ٢٠٢٦,,2026-08-02 14:47:38,Mobile and computer devices,Samsung,SAMSUNG Galaxy A26 6/128GB,SAMSUNG Galaxy A26 6/128GB,OFFERS VALID FOR 5 DAYS,,,699.0,0,AED,FREE BT NECK BAND ASSTD,page_35.jpg,flyer_20836,,,76,,,,,,,,,classified_products_v2_final.xlsx,,,,20836,٤ أغسطس ٢٠٢٦,ينتهي في الثلاثاء، ٤ أغسطس ٢٠٢٦,Safari,2026-08-02 17:32:27,,,,,2026-08-03,0.815,0.3430000000000001,0.1430000000000001,0.0269999999999999,1.0,80b27ddf5aad1633,51a77d3b-ce3e-4e3e-9990-4e85c0507479,69.0,76,96.0,,aggregated_bulk_flyer_data_unified_02_08.xlsx,100.0,False,,,,,,69.0,85.0,,,,96.0,,,,,,,,,Electronics,,أجهزة موبايل وكمبيوتر,أجهزة ذكية ومحمول,موبايل,0.866,FUZZY,EN,True,الفئة الناتجة (أجهزة موبايل وكمبيوتر) تخالف خانة الفئة المدخلة (Electronics) التي توحي بـ «أجهزة تليفزيون وصوتيات»,,,,,,
Safari,ينتهي في الثلاثاء، ٤ أغسطس ٢٠٢٦,,2026-08-02 14:47:38,Television and audio equipment,vivo,vivo Y21 4/256GB,vivo Y21 4/256GB,OFFERS VALID FOR 5 DAYS,,,749.0,0,AED,FREE BT NECK BAND ASSTD,page_35.jpg,flyer_20836,,,76,,,,,,,,,classified_products_v2_final.xlsx,,,,20836,٤ أغسطس ٢٠٢٦,ينتهي في الثلاثاء، ٤ أغسطس ٢٠٢٦,Safari,2026-08-02 17:32:27,,,,,2026-08-03,0.708,0.618,0.155,0.027,1.0,0286ee27f7d81f66,51a77d3b-ce3e-4e3e-9990-4e85c0507479,80.0,76,94.0,,aggregated_bulk_flyer_data_unified_02_08.xlsx,100.0,False,,,,,,80.0,92.0,,,,94.0,,,,,,,,,Electronics,,أجهزة تليفزيون وصوتيات,,,0.15,OCR_ONLY,OCR+EN,True,,,,,,,
Safari,ينتهي في الثلاثاء، ٤ أغسطس ٢٠٢٦,,2026-08-02 14:47:39,Mobile and computer devices,Philips,Philips T7310W 5G Tablet,تابلت,SHOPPING BONANZA,,999.0,799.0,20,AED,,page_36.jpg,flyer_20836,,,80,,,,,,,,,classified_products_v2_final.xlsx,,,,20836,٤ أغسطس ٢٠٢٦,ينتهي في الثلاثاء، ٤ أغسطس ٢٠٢٦,Safari,2026-08-02 17:33:25,200.0,,,,,0.695,0.238,0.036,0.01,1.0,56a8f451b471b9b6,a753964a-fc06-4c86-8739-442c82f7815e,73.0,80,96.0,,aggregated_bulk_flyer_data_unified_02_08.xlsx,100.0,False,,,,,73.0,85.0,67.0,,,79.0,96.0,,,,,,,,,Tablet,,أجهزة موبايل وكمبيوتر,أجهزة حاسب,تابلت,0.85,FUZZY,AR,False,,,,,,,
Safari,ينتهي في الثلاثاء، ٤ أغسطس ٢٠٢٦,,2026-08-02 14:47:41,Home appliances,goranje,Gorenje W3NHP172FAS Front Load Washer 15 Programmes,غساله,SHOPPING BONANZA,7KG,1099.0,799.0,27,AED,,page_38.jpg,flyer_20836,,,73,,,,,,,,,classified_products_v2_final.xlsx,,,,20836,٤ أغسطس ٢٠٢٦,ينتهي في الثلاثاء، ٤ أغسطس ٢٠٢٦,SHOPPING BONANZA,2026-08-02 17:32:55,300.0,,,,,0.36,0.908,0.035,0.0100000000000001,1.0,2e1b3bf5b812aa13,904f7961-faaa-4d9d-b0a2-f68e3138d38d,90.0,73,91.0,,aggregated_bulk_flyer_data_unified_02_08.xlsx,100.0,False,,,,,90.0,89.0,68.0,,69.0,98.0,91.0,,,,,,,,,Washing Machine,,أجهزة منزلية,غسالات ومجففات,غسالة ملابس,0.639,FUZZY,EN,True,,,,,,,
Safari,ينتهي في الثلاثاء، ٤ أغسطس ٢٠٢٦,,2026-08-02 14:47:41,,NIKAI,Nikai U6064FS Cooking Range,مجموعه الطبخ نيكاي,SHOPPING BONANZA,60X60,1099.0,799.0,27,AED,,page_38.jpg,flyer_20836,,,73,,,,,,,,,classified_products_v2_final.xlsx,,,,20836,٤ أغسطس ٢٠٢٦,ينتهي في الثلاثاء، ٤ أغسطس ٢٠٢٦,SHOPPING BONANZA,2026-08-02 17:32:55,300.0,,,,,0.025,0.908,0.0969999999999999,0.0100000000000001,1.0,5ed21d846dc3b531,904f7961-faaa-4d9d-b0a2-f68e3138d38d,75.0,73,88.0,,aggregated_bulk_flyer_data_unified_02_08.xlsx,100.0,False,,,,,75.0,88.0,72.0,,69.0,85.0,88.0,,,,,,,,,Cooking Range,,,,,0.0,NONE,OCR+EN,True,,,,,,,
Safari,ينتهي في الثلاثاء، ٤ أغسطس ٢٠٢٦,,2026-08-02 14:47:39,Mobile and computer devices,Samsung,Samsung Galaxy A11+ Tablet,سامسونج تابلت,SHOPPING BONANZA,,1099.0,869.0,20,AED,,page_36.jpg,flyer_20836,,,80,,,,,,,,,classified_products_v2_final.xlsx,,,,20836,٤ أغسطس ٢٠٢٦,ينتهي في الثلاثاء، ٤ أغسطس ٢٠٢٦,Safari,2026-08-02 17:33:25,230.0,,,,,0.365,0.4630000000000001,0.09,0.0099999999999999,1.0,4f520711dbbe9d7e,a753964a-fc06-4c86-8739-442c82f7815e,71.0,80,96.0,,aggregated_bulk_flyer_data_unified_02_08.xlsx,100.0,False,,,,,71.0,81.0,71.0,,,83.0,96.0,,,,,,,,,Tablet,,أجهزة موبايل وكمبيوتر,أجهزة حاسب,تابلت,0.87,FUZZY,AR,False,,,,,,,
Safari,ينتهي في الثلاثاء، ٤ أغسطس ٢٠٢٦,,2026-08-02 14:47:38,Television and audio equipment,oppo,oppo A6T 6/256GB,oppo A6T 6/256GB,OFFERS VALID FOR 5 DAYS,,,899.0,0,AED,EXCLUSIVE PRICE,page_35.jpg,flyer_20836,,,76,,,,,,,,,classified_products_v2_final.xlsx,,,,20836,٤ أغسطس ٢٠٢٦,ينتهي في الثلاثاء، ٤ أغسطس ٢٠٢٦,Safari,2026-08-02 17:32:27,,,,,2026-08-03,0.045,0.618,0.155,0.027,1.0,07057bdacfc3db50,51a77d3b-ce3e-4e3e-9990-4e85c0507479,60.0,76,74.0,,aggregated_bulk_flyer_data_unified_02_08.xlsx,100.0,False,,,,,,60.0,78.0,,,,74.0,,,,,,,,,Electronics,,أجهزة تليفزيون وصوتيات,,,0.15,OCR_ONLY,OCR+EN,True,,,,,,,
Safari,ينتهي في الثلاثاء، ٤ أغسطس ٢٠٢٦,,2026-08-02 14:47:40,Television and audio equipment,Nikai,Nikai NIK50MEU4STN Webos UHD Smart LED TV,تلفزيون نيكاي,THE LARGEST HYPERMARKET IN UAE,"50""",1199.0,899.0,25,AED,,page_37.jpg,flyer_20836,,,80,,,,,,,,,classified_products_v2_final.xlsx,,,,20836,٤ أغسطس ٢٠٢٦,ينتهي في الثلاثاء، ٤ أغسطس ٢٠٢٦,Safari,2026-08-02 17:33:06,300.0,,,,,0.118,0.495,0.087,0.014,1.0,f3b21ab697907c8e,7f6b34c9-2132-49a0-8b4a-2156ec897610,66.0,80,87.0,,aggregated_bulk_flyer_data_unified_02_08.xlsx,100.0,False,,,,,66.0,86.0,69.0,,86.0,83.0,87.0,,,,,,,,,Electronics,,أجهزة تليفزيون وصوتيات,تلفزيونات وشاشات,شاشة,0.631,CATALOG_OVERRIDE,AR,True,,,,,,,
Safari,ينتهي في الثلاثاء، ٤ أغسطس ٢٠٢٦,,2026-08-02 14:47:40,Television and audio equipment,Hisense,Hisense 5506QS 4k QLED Vidaa Smart TV,تلفزيون هايسنس,THE LARGEST HYPERMARKET IN UAE,"55""",1495.0,1099.0,26,AED,,page_37.jpg,flyer_20836,,,80,,,,,,,,,classified_products_v2_final.xlsx,,,,20836,٤ أغسطس ٢٠٢٦,ينتهي في الثلاثاء، ٤ أغسطس ٢٠٢٦,Safari,2026-08-02 17:33:06,396.0,,,,,0.595,0.495,0.087,0.014,1.0,dd1cda4d8c5e336d,7f6b34c9-2132-49a0-8b4a-2156ec897610,76.0,80,97.0,,aggregated_bulk_flyer_data_unified_02_08.xlsx,100.0,False,,,,,76.0,79.0,71.0,,93.0,89.0,97.0,,,,,,,,,Electronics,,أجهزة تليفزيون وصوتيات,تلفزيونات وشاشات,شاشة,0.645,CATALOG_OVERRIDE,EN,True,,,,,,,
Safari,ينتهي في الثلاثاء، ٤ أغسطس ٢٠٢٦,,2026-08-02 14:47:41,Home appliances,Hoover,Hoover HTR-M326-S Top Mount Dual Inverter Refrigerator Inox,ثلاجه,SHOPPING BONANZA,326 LTR,1599.0,1149.0,28,AED,,page_38.jpg,flyer_20836,,,73,,,,,,,,,classified_products_v2_final.xlsx,,,,20836,٤ أغسطس ٢٠٢٦,ينتهي في الثلاثاء، ٤ أغسطس ٢٠٢٦,SHOPPING BONANZA,2026-08-02 17:32:55,450.0,,,,,0.69,0.908,0.0350000000000001,0.0100000000000001,1.0,e95b384e3ea0f281,904f7961-faaa-4d9d-b0a2-f68e3138d38d,70.0,73,77.0,,aggregated_bulk_flyer_data_unified_02_08.xlsx,100.0,False,,,,,70.0,87.0,61.0,,72.0,66.0,77.0,,,,,,,,,Refrigerator,,أجهزة منزلية,ثلاجات,ثلاجة,1.0,RULE,AR,False,,,,,,,
Safari,ينتهي في الثلاثاء، ٤ أغسطس ٢٠٢٦,,2026-08-02 14:47:38,Mobile and computer devices,Samsung,SAMSUNG Galaxy A56 8/128GB,SAMSUNG Galaxy A56 8/128GB,OFFERS VALID FOR 5 DAYS,,,1249.0,0,AED,FREE BT NECK BAND ASSTD,page_35.jpg,flyer_20836,,,76,,,,,,,,,classified_products_v2_final.xlsx,,,,20836,٤ أغسطس ٢٠٢٦,ينتهي في الثلاثاء، ٤ أغسطس ٢٠٢٦,Safari,2026-08-02 17:32:27,,,,,2026-08-03,0.365,0.3430000000000001,0.21,0.0269999999999999,1.0,9108e09d421ad102,51a77d3b-ce3e-4e3e-9990-4e85c0507479,61.0,76,95.0,,aggregated_bulk_flyer_data_unified_02_08.xlsx,100.0,False,,,,,,61.0,79.0,,,,95.0,,,,,,,,,Electronics,,أجهزة موبايل وكمبيوتر,أجهزة ذكية ومحمول,موبايل,0.866,FUZZY,EN,True,الفئة الناتجة (أجهزة موبايل وكمبيوتر) تخالف خانة الفئة المدخلة (Electronics) التي توحي بـ «أجهزة تليفزيون وصوتيات»,,,,,,
Safari,ينتهي في الثلاثاء، ٤ أغسطس ٢٠٢٦,,2026-08-02 14:47:41,Air conditioning equipment,HITACHI,Hitachi RAK-AJ18PCAMG3 Split Air Conditioner R410 Gas,مكيف هواء هيتاشي,SHOPPING BONANZA,1.5TON,1893.0,1349.0,28,AED,,page_38.jpg,flyer_20836,,,73,,,,,,,,,classified_products_v2_final.xlsx,,,,20836,٤ أغسطس ٢٠٢٦,ينتهي في الثلاثاء، ٤ أغسطس ٢٠٢٦,SHOPPING BONANZA,2026-08-02 17:32:55,544.0,,,,,0.533,0.118,0.0969999999999999,0.014,1.0,fdc90d59c28393da,904f7961-faaa-4d9d-b0a2-f68e3138d38d,56.0,73,68.0,,aggregated_bulk_flyer_data_unified_02_08.xlsx,100.0,False,,,,,56.0,69.0,71.0,,60.0,59.0,68.0,,,,,,,,,Air Conditioner,,أجهزة تكييف,تكييف عام,مكيف هواء,0.97,CATALOG_OVERRIDE,AR,False,,,,,,,
Safari,ينتهي في الثلاثاء، ٤ أغسطس ٢٠٢٦,,2026-08-02 14:46:51,,,Puttu 1Pc + Beef Curry 200gm,പുട്ടും പോത്ത് കറിയും,Puttu Fest,200 gm,,1611.5,0,AED,,page_6.jpg,flyer_20836,,,75,,,,,,,,,classified_products_v2_final.xlsx,,,,20836,٤ أغسطس ٢٠٢٦,ينتهي في الثلاثاء، ٤ أغسطس ٢٠٢٦,Safari Bakery,2026-08-02 17:34:21,,,,,,0.1275618181818182,0.461184,0.1533290909090909,0.0096959999999999,1.0,d37f48e0c39ef4b4,07b0895b-1a0e-4c1e-ab5d-fd99df7fc98b,60.0,75,69.0,,aggregated_bulk_flyer_data_unified_02_08.xlsx,100.0,False,,,,,60.0,69.0,,,,,69.0,,,,,,,,,,,,,,0.15,OCR_ONLY,OCR+EN,True,,,,,,,
Safari,ينتهي في الثلاثاء، ٤ أغسطس ٢٠٢٦,,2026-08-02 14:47:40,Television and audio equipment,LG,LG UHD Ai65UA85 4k UHD Smart LED TV,تلفزيون ال جي,THE LARGEST HYPERMARKET IN UAE,"75""",1999.0,1699.0,15,AED,,page_37.jpg,flyer_20836,,,80,,,,,,,,,classified_products_v2_final.xlsx,,,,20836,٤ أغسطس ٢٠٢٦,ينتهي في الثلاثاء، ٤ أغسطس ٢٠٢٦,Safari,2026-08-02 17:33:06,300.0,,,,,0.575,0.268,0.087,0.0139999999999999,1.0,6e8dc25186284655,7f6b34c9-2132-49a0-8b4a-2156ec897610,70.0,80,89.0,,aggregated_bulk_flyer_data_unified_02_08.xlsx,100.0,False,,,,,70.0,85.0,62.0,,83.0,83.0,89.0,,,,,,,,,Electronics,,أجهزة تليفزيون وصوتيات,تلفزيونات وشاشات,شاشة,0.97,CATALOG_OVERRIDE,AR,False,,,,,,,
Safari,ينتهي في الثلاثاء، ٤ أغسطس ٢٠٢٦,,2026-08-02 14:47:39,Mobile and computer devices,Dell,Dell 16 DC16251-5506SLV-PUS Laptop,لابتوب ديل,SHOPPING BONANZA,,2759.0,1899.0,31,AED,,page_36.jpg,flyer_20836,,,80,,,,,,,,,classified_products_v2_final.xlsx,,,,20836,٤ أغسطس ٢٠٢٦,ينتهي في الثلاثاء، ٤ أغسطس ٢٠٢٦,Safari,2026-08-02 17:33:25,860.0,,,,,0.356,0.238,0.069,0.01,1.0,edcea08ecd82f51d,a753964a-fc06-4c86-8739-442c82f7815e,71.0,80,92.0,,aggregated_bulk_flyer_data_unified_02_08.xlsx,100.0,False,,,,,71.0,81.0,60.0,,,84.0,92.0,,,,,,,,,Laptop,,أجهزة موبايل وكمبيوتر,أجهزة حاسب,لابتوب,0.85,FUZZY,AR,False,,,,,,,
Safari,ينتهي في الثلاثاء، ٤ أغسطس ٢٠٢٦,,2026-08-02 14:47:39,Mobile and computer devices,HP,HP 15-FD0154WM Laptop,لابتوب اتش بي,SHOPPING BONANZA,,2899.0,2099.0,27,AED,,page_36.jpg,flyer_20836,,,80,,,,,,,,,classified_products_v2_final.xlsx,,,,20836,٤ أغسطس ٢٠٢٦,ينتهي في الثلاثاء، ٤ أغسطس ٢٠٢٦,Safari,2026-08-02 17:33:25,800.0,,,,,0.025,0.238,0.09,0.01,1.0,77e79f4cb1ef38f8,a753964a-fc06-4c86-8739-442c82f7815e,57.0,80,76.0,,aggregated_bulk_flyer_data_unified_02_08.xlsx,100.0,False,,,,,57.0,70.0,55.0,,,58.0,76.0,,,,,,,,,Laptop,,أجهزة موبايل وكمبيوتر,أجهزة حاسب,لابتوب,0.85,FUZZY,AR,False,,,,,,,
Safari,ينتهي في الثلاثاء، ٤ أغسطس ٢٠٢٦,,2026-08-02 14:47:39,Mobile and computer devices,Acer,Acer A15-51M-94UX Aspire Laptop,لابتوب ايسر,SHOPPING BONANZA,,3999.0,2999.0,25,AED,,page_36.jpg,flyer_20836,,,80,,,,,,,,,classified_products_v2_final.xlsx,,,,20836,٤ أغسطس ٢٠٢٦,ينتهي في الثلاثاء، ٤ أغسطس ٢٠٢٦,Safari,2026-08-02 17:33:25,1000.0,,,,,0.03,0.4630000000000001,0.07,0.0099999999999999,1.0,9a4aa78948697358,a753964a-fc06-4c86-8739-442c82f7815e,66.0,80,92.0,,aggregated_bulk_flyer_data_unified_02_08.xlsx,100.0,False,,,,,66.0,82.0,63.0,,,86.0,92.0,,,,,,,,,Laptop,,أجهزة موبايل وكمبيوتر,أجهزة حاسب,لابتوب,0.85,FUZZY,AR,False,,,,,,,
Safari,ينتهي في الثلاثاء، ٤ أغسطس ٢٠٢٦,,2026-08-02 14:47:38,Television and audio equipment,Apple,iPhone 16 Plus 128GB,iPhone 16 Plus 128GB,OFFERS VALID FOR 5 DAYS,,,3099.0,0,AED,Limited Stock*,page_35.jpg,flyer_20836,,,76,,,,,,,,,classified_products_v2_final.xlsx,,,,20836,٤ أغسطس ٢٠٢٦,ينتهي في الثلاثاء، ٤ أغسطس ٢٠٢٦,Safari,2026-08-02 17:32:27,,,,,2026-08-03,0.758,0.055,0.2,0.045,1.0,7fdfae27356cf96a,51a77d3b-ce3e-4e3e-9990-4e85c0507479,74.0,76,82.0,,aggregated_bulk_flyer_data_unified_02_08.xlsx,100.0,False,,,,,,74.0,84.0,,,,82.0,,,,,,,,,Electronics,,أجهزة تليفزيون وصوتيات,,,0.15,OCR_ONLY,OCR+EN,True,,,,,,,
Safari,ينتهي في الثلاثاء، ٤ أغسطس ٢٠٢٦,,2026-08-02 14:47:40,Television and audio equipment,JBL,JBL 1000 MK2 Soundbar,شريط صوت,THE LARGEST HYPERMARKET IN UAE,,3495.0,3199.0,8,AED,,page_37.jpg,flyer_20836,,,80,,,,,,,,,classified_products_v2_final.xlsx,,,,20836,٤ أغسطس ٢٠٢٦,ينتهي في الثلاثاء، ٤ أغسطس ٢٠٢٦,Safari,2026-08-02 17:33:06,296.0,,,,,0.371,0.698,0.0639999999999999,0.014,1.0,e6cbfae5271e6c30,7f6b34c9-2132-49a0-8b4a-2156ec897610,74.0,80,94.0,,aggregated_bulk_flyer_data_unified_02_08.xlsx,100.0,False,,,,,74.0,86.0,73.0,,,87.0,94.0,,,,,,,,,Electronics,,أجهزة تليفزيون وصوتيات,,,0.15,OCR_ONLY,OCR+EN,True,,,,,,,
Safari,ينتهي في الثلاثاء، ٤ أغسطس ٢٠٢٦,,2026-08-02 14:47:38,Mobile and computer devices,Samsung,SAMSUNG Galaxy S26 ULTRA 12/512GB,SAMSUNG Galaxy S26 ULTRA 12/512GB,OFFERS VALID FOR 5 DAYS,,,4399.0,0,AED,LIMITED STOCK*,page_35.jpg,flyer_20836,,,76,,,,,,,,,classified_products_v2_final.xlsx,,,,20836,٤ أغسطس ٢٠٢٦,ينتهي في الثلاثاء، ٤ أغسطس ٢٠٢٦,Safari,2026-08-02 17:32:27,,,,,2026-08-03,0.056,0.3370000000000001,0.179,0.0329999999999999,1.0,d0f18b893b4c069b,51a77d3b-ce3e-4e3e-9990-4e85c0507479,58.0,76,83.0,,aggregated_bulk_flyer_data_unified_02_08.xlsx,100.0,False,,,,,,58.0,76.0,,,,83.0,,,,,,,,,Electronics,,أجهزة موبايل وكمبيوتر,أجهزة ذكية ومحمول,موبايل,0.782,FUZZY,AR_FULL+PROMO+EN,True,الفئة الناتجة (أجهزة موبايل وكمبيوتر) تخالف خانة الفئة المدخلة (Electronics) التي توحي بـ «أجهزة تليفزيون وصوتيات»,,,,,,
Safari,ينتهي في الثلاثاء، ٤ أغسطس ٢٠٢٦,,2026-08-02 14:47:38,Television and audio equipment,Apple,iPhone 17 pro 256GB Cosmic Orange,iPhone 17 pro 256GB Cosmic Orange,OFFERS VALID FOR 5 DAYS,,,4499.0,0,AED,LIMITED STOCK*,page_35.jpg,flyer_20836,,,76,,,,,,,,,classified_products_v2_final.xlsx,,,,20836,٤ أغسطس ٢٠٢٦,ينتهي في الثلاثاء، ٤ أغسطس ٢٠٢٦,Safari,2026-08-02 17:32:27,,,,,2026-08-03,0.458,0.055,0.2,0.045,1.0,c1ec8bcd9518f20a,51a77d3b-ce3e-4e3e-9990-4e85c0507479,73.0,76,87.0,,aggregated_bulk_flyer_data_unified_02_08.xlsx,100.0,False,,,,,,73.0,80.0,,,,87.0,,,,,,,,,Electronics,,أجهزة تليفزيون وصوتيات,,,0.15,OCR_ONLY,OCR+EN,True,,,,,,,
Safari,ينتهي في الثلاثاء، ٤ أغسطس ٢٠٢٦,,2026-08-02 14:47:38,Television and audio equipment,Apple,iPhone 17 Pro Max 256GB Cosmic Orange,iPhone 17 Pro Max 256GB Cosmic Orange,OFFERS VALID FOR 5 DAYS,,,4599.0,0,AED,LIMITED STOCK*,page_35.jpg,flyer_20836,,,76,,,,,,,,,classified_products_v2_final.xlsx,,,,20836,٤ أغسطس ٢٠٢٦,ينتهي في الثلاثاء، ٤ أغسطس ٢٠٢٦,Safari,2026-08-02 17:32:27,,,,,2026-08-03,0.075,0.055,0.2,0.045,1.0,5723be21b1db6587,51a77d3b-ce3e-4e3e-9990-4e85c0507479,49.0,76,63.0,,aggregated_bulk_flyer_data_unified_02_08.xlsx,100.0,False,,,,,,49.0,58.0,,,,63.0,,,,,,,,,Electronics,,أجهزة تليفزيون وصوتيات,,,0.15,OCR_ONLY,OCR+EN,True,,,,,,,
